bin_id,latitude,longitude,ward_zone,amenity,operator,capacity_liters,waste_type,current_fill_pct,fill_rate_pct_hr,dist_from_depot_km,calorific_value_hhv_mj_kg,recyclable_fraction_pct,time_to_overflow_hrs,urgency_index,recovery_index,cost_index,scps_score,zone_cluster
BIN_0001,28.553635,77.242199,South-East (Lajpat / Okhla),waste_disposal,MCD-SouthEast,2500,Mixed Municipal,64.5,7.62,3.49,14.99,27.8,4.7,0.721,0.458,0.137,0.471,2
BIN_0002,28.622598,77.289655,Shahdara South (Mayur Vihar),waste_disposal,MCD-ShahdaraSouth,2000,Mixed Municipal,64.9,7.96,9.92,13.39,25.9,4.4,0.736,0.414,0.389,0.415,11
BIN_0003,28.753166,77.162756,Rohini / Pitampura,waste_disposal,MCD-Rohini,2500,Mixed Municipal,32.6,7.83,21.19,13.05,39.5,8.6,0.506,0.475,0.832,0.229,7
BIN_0004,28.754832,77.16052,Rohini / Pitampura,waste_disposal,MCD-Rohini,1500,Mixed Municipal,16.9,4.53,21.42,14.54,34.2,18.3,0.279,0.48,0.841,0.115,7
BIN_0005,28.735256,77.167432,Keshavpuram / Shalimar,recycling,MCD-Keshavpuram,1000,Recyclable/Dry,95.8,2.62,19.14,21.12,81.8,1.6,0.763,0.858,0.751,0.489,8
BIN_0006,28.592818,77.122583,West (Janakpuri / Rajouri),waste_disposal,MCD-West,2500,Mixed Municipal,57.7,5.3,9.0,14.14,36.8,8.0,0.592,0.485,0.353,0.371,4
BIN_0007,28.553221,77.252526,South-East (Lajpat / Okhla),waste_disposal,MCD-SouthEast,1500,Mixed Municipal,20.4,5.18,4.43,13.12,34.1,15.4,0.326,0.45,0.174,0.263,2
BIN_0008,28.645371,77.191477,Karol Bagh / Patel Nagar,recycling,MCD-KarolBagh,1000,Recyclable/Dry,40.3,4.52,8.88,23.24,91.4,13.2,0.442,0.951,0.349,0.437,5
BIN_0009,28.590466,77.041652,South-West (Dwarka),recycling,MCD-SouthWest,1000,Recyclable/Dry,25.1,3.6,16.64,18.99,86.6,20.8,0.303,0.837,0.653,0.272,3
BIN_0010,28.538803,77.261498,South-East (Lajpat / Okhla),waste_disposal,MCD-SouthEast,1500,Mixed Municipal,30.1,6.06,5.94,15.08,27.6,11.5,0.425,0.459,0.233,0.304,2
BIN_0011,28.606611,77.295974,Shahdara South (Mayur Vihar),waste_disposal,MCD-ShahdaraSouth,2000,Mixed Municipal,17.6,6.77,9.47,14.06,28.1,12.2,0.363,0.44,0.372,0.239,11
BIN_0012,28.561789,77.195764,South (Saket / Hauz Khas),waste_disposal,MCD-South,2000,Mixed Municipal,64.6,8.08,1.51,14.94,39.1,4.4,0.738,0.513,0.059,0.511,1
BIN_0013,28.59959,77.048604,South-West (Dwarka),waste_basket,MCD-SouthWest,800,Organic/Wet,47.3,3.98,16.17,10.89,5.5,13.2,0.472,0.259,0.635,0.187,3
BIN_0014,28.59894,77.049315,South-West (Dwarka),waste_basket,MCD-SouthWest,300,Recyclable/Dry,26.7,3.36,16.08,20.28,75.1,21.8,0.306,0.807,0.631,0.269,3
BIN_0015,28.675756,77.112744,Rohini / Pitampura,waste_basket,MCD-Rohini,500,Organic/Wet,15.5,3.6,15.36,12.47,12.7,23.5,0.236,0.329,0.603,0.096,7
BIN_0016,28.718103,77.087217,Rohini / Pitampura,recycling,MCD-Rohini,1000,Recyclable/Dry,79.0,4.32,20.62,22.58,87.0,4.9,0.706,0.915,0.81,0.466,7
BIN_0017,28.530282,77.21876,South (Saket / Hauz Khas),waste_basket,MCD-South,300,Organic/Wet,42.5,4.87,4.19,10.73,13.6,11.8,0.47,0.296,0.165,0.291,1
BIN_0018,28.526233,77.156834,South (Saket / Hauz Khas),waste_basket,MCD-South,300,Organic/Wet,88.6,4.91,6.91,11.15,12.3,2.3,0.794,0.299,0.271,0.432,1
BIN_0019,28.633584,77.216641,Central / NDMC,waste_basket,NDMC,500,Organic/Wet,79.0,4.68,7.41,11.93,12.6,4.5,0.719,0.317,0.291,0.396,0
BIN_0020,28.482307,77.111847,South (Saket / Hauz Khas),waste_basket,MCD-South,500,Recyclable/Dry,17.6,2.27,13.46,20.64,70.5,36.3,0.204,0.792,0.528,0.234,1
BIN_0021,28.484296,77.112179,South (Saket / Hauz Khas),waste_basket,MCD-South,500,Organic/Wet,49.1,3.75,13.28,11.52,14.1,13.6,0.477,0.316,0.521,0.229,1
BIN_0022,28.484259,77.112142,South (Saket / Hauz Khas),waste_basket,MCD-South,500,Organic/Wet,92.2,3.48,13.28,10.65,7.9,2.2,0.769,0.266,0.521,0.36,1
BIN_0023,28.484208,77.116144,South (Saket / Hauz Khas),waste_basket,MCD-South,500,Recyclable/Dry,89.1,2.47,13.01,22.86,84.5,4.4,0.711,0.909,0.511,0.526,1
BIN_0024,28.483159,77.115455,South (Saket / Hauz Khas),waste_basket,MCD-South,500,Recyclable/Dry,33.9,2.28,13.14,22.98,75.7,29.0,0.318,0.867,0.516,0.316,1
BIN_0025,28.482394,77.114902,South (Saket / Hauz Khas),waste_basket,MCD-South,300,Recyclable/Dry,49.6,3.28,13.24,22.8,70.1,15.4,0.463,0.836,0.52,0.378,1
BIN_0026,28.484213,77.114918,South (Saket / Hauz Khas),waste_basket,MCD-South,300,Organic/Wet,58.1,3.97,13.09,11.18,14.4,10.6,0.547,0.31,0.514,0.264,1
BIN_0027,28.485693,77.114581,South (Saket / Hauz Khas),waste_basket,MCD-South,500,Organic/Wet,56.3,3.76,13.0,12.44,14.6,11.6,0.527,0.338,0.51,0.263,1
BIN_0028,28.484813,77.112472,South (Saket / Hauz Khas),waste_basket,MCD-South,300,Organic/Wet,19.3,4.51,13.22,10.57,11.1,17.9,0.295,0.28,0.519,0.128,1
BIN_0029,28.483987,77.112994,South (Saket / Hauz Khas),waste_basket,MCD-South,300,Mixed Municipal,96.8,3.72,13.25,13.6,22.2,0.9,0.809,0.4,0.52,0.421,1
BIN_0030,28.62356,77.234366,Central / NDMC,waste_basket,NDMC,300,Recyclable/Dry,45.5,3.82,6.7,22.31,74.3,14.3,0.454,0.846,0.263,0.428,0
BIN_0031,28.62269,77.235151,Central / NDMC,waste_basket,NDMC,500,Recyclable/Dry,41.6,4.09,6.64,21.18,71.6,14.3,0.436,0.809,0.261,0.408,0
BIN_0032,28.622408,77.235466,Central / NDMC,waste_disposal,NDMC,2000,Mixed Municipal,33.3,5.8,6.62,14.74,37.9,11.5,0.439,0.503,0.26,0.318,0
BIN_0033,28.624572,77.233253,Central / NDMC,waste_basket,NDMC,500,Recyclable/Dry,48.0,4.35,6.77,20.24,71.7,12.0,0.49,0.789,0.266,0.429,0
BIN_0034,28.624109,77.233757,Central / NDMC,waste_basket,NDMC,500,Recyclable/Dry,59.9,2.52,6.74,21.88,83.2,15.9,0.509,0.882,0.265,0.466,0
BIN_0035,28.631511,77.302838,Shahdara South (Mayur Vihar),waste_basket,MCD-ShahdaraSouth,500,Organic/Wet,36.6,4.55,11.54,10.85,14.8,13.9,0.417,0.305,0.453,0.21,11
BIN_0036,28.631631,77.302856,Shahdara South (Mayur Vihar),waste_basket,MCD-ShahdaraSouth,800,Mixed Municipal,38.1,2.97,11.55,14.4,33.2,20.8,0.372,0.472,0.453,0.237,11
BIN_0037,28.563036,77.239303,South-East (Lajpat / Okhla),waste_basket,MCD-SouthEast,500,Recyclable/Dry,85.6,4.22,2.9,22.78,77.3,3.4,0.749,0.871,0.114,0.613,2
BIN_0038,28.610393,77.287827,Shahdara South (Mayur Vihar),waste_basket,MCD-ShahdaraSouth,800,Recyclable/Dry,93.0,2.93,8.99,21.84,80.5,2.4,0.755,0.867,0.353,0.567,11
BIN_0039,28.608574,77.288813,Shahdara South (Mayur Vihar),waste_basket,MCD-ShahdaraSouth,800,Organic/Wet,97.5,4.35,8.97,11.11,9.9,0.6,0.837,0.286,0.352,0.434,11
BIN_0040,28.568453,77.164884,South (Saket / Hauz Khas),waste_basket,MCD-South,300,Organic/Wet,76.8,4.1,4.41,11.49,6.8,5.7,0.683,0.278,0.173,0.39,1
BIN_0041,28.569404,77.164906,South (Saket / Hauz Khas),waste_basket,MCD-South,500,Organic/Wet,35.8,4.91,4.41,11.59,10.1,13.1,0.425,0.297,0.173,0.267,1
BIN_0042,28.570526,77.330972,Shahdara South (Mayur Vihar),waste_basket,MCD-ShahdaraSouth,500,Mixed Municipal,44.1,3.59,11.82,14.22,33.6,15.6,0.436,0.471,0.464,0.266,11
BIN_0043,28.564566,77.250299,South-East (Lajpat / Okhla),waste_transfer_station,MCD-SouthEast,1500,Mixed Municipal,75.0,5.28,3.95,14.44,32.4,4.7,0.712,0.469,0.155,0.466,2
BIN_0044,28.519823,77.215934,South (Saket / Hauz Khas),waste_disposal,MCD-South,2500,Mixed Municipal,97.5,4.67,5.3,14.43,36.5,0.5,0.848,0.49,0.208,0.529,1
BIN_0045,28.519015,77.210681,South (Saket / Hauz Khas),waste_disposal,MCD-South,2000,Mixed Municipal,16.3,5.98,5.36,15.38,38.7,14.0,0.326,0.521,0.21,0.277,1
BIN_0046,28.539712,77.234402,South (Saket / Hauz Khas),waste_disposal,MCD-South,1500,Mixed Municipal,85.8,8.35,3.88,14.07,39.5,1.7,0.896,0.497,0.152,0.567,1
BIN_0047,28.570256,77.168025,South (Saket / Hauz Khas),waste_transfer_station,MCD-South,2500,Mixed Municipal,55.3,5.57,4.11,13.76,27.9,8.0,0.584,0.432,0.161,0.39,1
BIN_0048,28.514886,77.22932,South (Saket / Hauz Khas),waste_disposal,MCD-South,2000,Mixed Municipal,62.3,7.28,6.12,14.39,39.0,5.2,0.694,0.501,0.24,0.449,1
BIN_0049,28.531879,77.20408,South (Saket / Hauz Khas),waste_disposal,MCD-South,2000,Mixed Municipal,58.0,5.06,3.97,14.54,39.9,8.3,0.585,0.509,0.156,0.414,1
BIN_0050,28.538602,77.198422,South (Saket / Hauz Khas),waste_disposal,MCD-South,2000,Mixed Municipal,73.8,5.05,3.38,13.81,37.7,5.2,0.695,0.482,0.133,0.466,1
BIN_0051,28.509611,77.179508,South (Saket / Hauz Khas),waste_disposal,MCD-South,2500,Mixed Municipal,87.0,7.74,7.06,13.73,37.1,1.7,0.883,0.478,0.277,0.529,1
BIN_0052,28.528029,77.209852,South (Saket / Hauz Khas),waste_disposal,MCD-South,1500,Mixed Municipal,31.1,7.01,4.36,13.2,25.1,9.8,0.466,0.406,0.171,0.321,1
BIN_0053,28.585842,77.218743,South-East (Lajpat / Okhla),waste_basket,MCD-SouthEast,300,Organic/Wet,63.0,3.08,2.24,10.6,13.9,12.0,0.55,0.295,0.088,0.346,2
BIN_0054,28.58596,77.220091,South-East (Lajpat / Okhla),waste_basket,MCD-SouthEast,300,Recyclable/Dry,84.6,4.45,2.31,20.14,72.8,3.5,0.75,0.793,0.091,0.595,2
BIN_0055,28.52558,77.263882,South-East (Lajpat / Okhla),waste_disposal,MCD-SouthEast,2000,Mixed Municipal,44.9,7.79,7.01,13.08,25.6,7.1,0.59,0.406,0.275,0.362,2
BIN_0056,28.560925,77.162008,South (Saket / Hauz Khas),waste_basket,MCD-South,300,Recyclable/Dry,22.1,3.56,4.74,22.35,73.9,21.9,0.281,0.845,0.186,0.357,1
BIN_0057,28.633298,77.21666,Central / NDMC,waste_basket,NDMC,300,Recyclable/Dry,96.0,3.82,7.38,21.2,81.5,1.0,0.807,0.859,0.29,0.603,0
BIN_0058,28.633032,77.216662,Central / NDMC,waste_basket,NDMC,500,Organic/Wet,21.5,4.32,7.35,12.09,7.7,18.2,0.304,0.296,0.289,0.183,0
BIN_0059,28.585415,77.212262,Central / NDMC,waste_basket,NDMC,300,Mixed Municipal,29.4,3.52,2.04,15.09,30.4,20.1,0.33,0.473,0.08,0.291,0
BIN_0060,28.593264,77.223638,Central / NDMC,waste_basket,NDMC,300,Organic/Wet,38.2,4.98,3.19,11.6,12.1,12.4,0.444,0.307,0.125,0.289,0
BIN_0061,28.584991,77.212232,Central / NDMC,waste_basket,NDMC,800,Recyclable/Dry,35.6,3.05,1.99,21.27,81.0,21.1,0.357,0.858,0.078,0.42,0
BIN_0062,28.521057,77.212869,South (Saket / Hauz Khas),waste_disposal,MCD-South,2500,Mixed Municipal,18.8,4.96,5.14,14.89,25.2,16.4,0.307,0.443,0.202,0.246,1
BIN_0063,28.522652,77.214071,South (Saket / Hauz Khas),waste_disposal,MCD-South,1500,Mixed Municipal,16.4,5.2,4.97,13.78,39.7,16.1,0.299,0.492,0.195,0.258,1
BIN_0064,28.524198,77.207108,South (Saket / Hauz Khas),waste_disposal,MCD-South,2000,Mixed Municipal,51.0,5.19,4.79,14.23,32.1,9.4,0.541,0.463,0.188,0.372,1
BIN_0065,28.616501,77.08002,West (Janakpuri / Rajouri),waste_disposal,MCD-West,2500,Mixed Municipal,36.7,8.05,13.82,13.12,39.2,7.9,0.542,0.475,0.543,0.305,4
BIN_0066,28.57188,77.172341,South (Saket / Hauz Khas),waste_disposal,MCD-South,2000,Mixed Municipal,69.7,7.93,3.71,14.56,32.5,3.8,0.769,0.472,0.146,0.497,1
BIN_0067,28.56572,77.160937,South (Saket / Hauz Khas),waste_disposal,MCD-South,2500,Mixed Municipal,81.5,7.05,4.79,15.36,38.0,2.6,0.82,0.517,0.188,0.528,1
BIN_0068,28.567637,77.16077,South (Saket / Hauz Khas),waste_disposal,MCD-South,2000,Mixed Municipal,83.1,7.74,4.81,14.43,26.9,2.2,0.856,0.442,0.189,0.523,1
BIN_0069,28.547066,77.229067,South (Saket / Hauz Khas),waste_disposal,MCD-South,2500,Mixed Municipal,37.7,5.33,2.91,15.05,34.8,11.7,0.453,0.494,0.114,0.352,1
BIN_0070,28.53091,77.21717,South (Saket / Hauz Khas),recycling,MCD-South,1000,Recyclable/Dry,66.3,2.6,4.1,19.57,81.4,13.0,0.556,0.823,0.161,0.493,1
BIN_0071,28.522024,77.222565,South (Saket / Hauz Khas),waste_disposal,MCD-South,2500,Mixed Municipal,16.9,7.88,5.17,13.18,29.8,10.5,0.397,0.429,0.203,0.287,1
BIN_0072,28.57327,77.24587,South-East (Lajpat / Okhla),waste_disposal,MCD-SouthEast,2000,Mixed Municipal,43.9,7.27,3.57,13.65,32.4,7.7,0.565,0.452,0.14,0.39,2
BIN_0073,28.575102,77.243268,South-East (Lajpat / Okhla),waste_disposal,MCD-SouthEast,2500,Mixed Municipal,38.4,7.71,3.37,15.19,36.0,8.0,0.542,0.503,0.132,0.395,2
BIN_0074,28.550391,77.252461,South-East (Lajpat / Okhla),waste_disposal,MCD-SouthEast,2000,Mixed Municipal,75.7,6.8,4.55,14.06,33.5,3.6,0.771,0.467,0.179,0.49,2
BIN_0075,28.564642,77.250337,South-East (Lajpat / Okhla),waste_disposal,MCD-SouthEast,2000,Mixed Municipal,61.6,7.97,3.95,13.63,33.7,4.8,0.713,0.458,0.155,0.463,2
BIN_0076,28.635044,77.221252,Central / NDMC,waste_basket,NDMC,300,Recyclable/Dry,59.3,2.94,7.62,22.2,74.3,13.8,0.519,0.844,0.299,0.453,0
BIN_0077,28.568064,77.249967,South-East (Lajpat / Okhla),waste_disposal,MCD-SouthEast,1500,Mixed Municipal,15.9,6.06,3.9,13.8,38.4,13.9,0.326,0.486,0.153,0.278,2
BIN_0078,28.536725,77.197449,South (Saket / Hauz Khas),waste_disposal,MCD-South,1500,Mixed Municipal,71.2,8.33,3.6,15.12,30.3,3.5,0.793,0.473,0.141,0.51,1
BIN_0079,28.52356,77.229492,South (Saket / Hauz Khas),waste_disposal,MCD-South,2500,Mixed Municipal,65.0,4.87,5.21,14.23,26.2,7.2,0.627,0.434,0.205,0.403,1
BIN_0080,28.512241,77.249115,South (Saket / Hauz Khas),waste_transfer_station,MCD-South,2500,Mixed Municipal,24.4,7.63,7.21,13.53,39.2,9.9,0.441,0.484,0.283,0.309,1
BIN_0081,28.515397,77.197086,South (Saket / Hauz Khas),waste_basket,MCD-South,800,Mixed Municipal,60.3,4.34,5.9,15.49,20.8,9.1,0.576,0.434,0.232,0.372,1
BIN_0082,28.62351,77.234308,Central / NDMC,waste_basket,NDMC,500,Mixed Municipal,84.6,4.67,6.7,14.72,32.6,3.3,0.758,0.476,0.263,0.469,0
BIN_0083,28.647366,77.165074,Karol Bagh / Patel Nagar,waste_basket,MCD-KarolBagh,300,Organic/Wet,57.6,3.44,9.93,11.29,13.9,12.3,0.525,0.31,0.39,0.277,5
BIN_0084,28.592185,77.21279,Central / NDMC,waste_basket,NDMC,300,Recyclable/Dry,90.3,2.59,2.79,22.82,85.8,3.7,0.724,0.915,0.11,0.614,0
BIN_0085,28.529335,77.191074,South (Saket / Hauz Khas),waste_basket,MCD-South,500,Organic/Wet,73.5,4.13,4.6,11.92,9.8,6.4,0.661,0.303,0.181,0.385,1
BIN_0086,28.543475,77.251649,South-East (Lajpat / Okhla),waste_basket,MCD-SouthEast,300,Organic/Wet,62.4,4.22,4.85,11.37,7.5,8.9,0.586,0.279,0.19,0.339,2
BIN_0087,28.543625,77.205183,South (Saket / Hauz Khas),waste_basket,MCD-South,500,Recyclable/Dry,34.7,3.7,2.66,22.61,83.4,17.6,0.374,0.898,0.104,0.436,1
BIN_0088,28.540022,77.186521,South (Saket / Hauz Khas),waste_disposal,MCD-South,1500,Mixed Municipal,33.6,7.97,3.79,13.94,29.3,8.3,0.517,0.443,0.149,0.362,1
BIN_0089,28.598465,77.191168,Central / NDMC,waste_basket,NDMC,800,Organic/Wet,58.8,5.67,3.93,12.44,5.4,7.3,0.612,0.292,0.154,0.363,0
BIN_0090,28.598416,77.191142,Central / NDMC,waste_basket,NDMC,800,Organic/Wet,67.2,4.57,3.93,11.61,14.7,7.2,0.632,0.321,0.154,0.381,0
BIN_0091,28.600849,77.192391,Central / NDMC,waste_basket,NDMC,500,Organic/Wet,18.8,5.7,4.12,11.76,10.8,14.2,0.333,0.304,0.162,0.226,0
BIN_0092,28.600813,77.192371,Central / NDMC,waste_basket,NDMC,300,Mixed Municipal,38.0,4.05,4.11,15.23,26.8,15.3,0.409,0.458,0.161,0.31,0
BIN_0093,28.600843,77.192571,Central / NDMC,waste_basket,NDMC,300,Organic/Wet,95.9,3.23,4.11,11.21,10.8,1.3,0.786,0.293,0.161,0.448,0
BIN_0094,28.600864,77.192583,Central / NDMC,waste_basket,NDMC,800,Recyclable/Dry,71.8,4.03,4.11,21.18,75.6,7.0,0.645,0.829,0.161,0.539,0
BIN_0095,28.592494,77.188073,Central / NDMC,waste_basket,NDMC,300,Mixed Municipal,65.9,4.31,3.53,15.06,34.2,7.9,0.614,0.491,0.139,0.427,0
BIN_0096,28.592515,77.188308,Central / NDMC,waste_basket,NDMC,300,Mixed Municipal,46.2,2.57,3.52,15.17,20.7,20.9,0.414,0.426,0.138,0.307,0
BIN_0097,28.592575,77.188129,Central / NDMC,waste_basket,NDMC,500,Mixed Municipal,95.5,3.45,3.54,13.38,28.9,1.3,0.791,0.429,0.139,0.496,0
BIN_0098,28.592413,77.188226,Central / NDMC,waste_basket,NDMC,500,Recyclable/Dry,19.7,2.68,3.52,20.84,77.5,30.0,0.233,0.831,0.138,0.338,0
BIN_0099,28.570605,77.169221,South (Saket / Hauz Khas),waste_basket,MCD-South,800,Recyclable/Dry,78.8,3.39,4.0,23.5,87.9,6.3,0.672,0.94,0.157,0.586,1
BIN_0100,28.572795,77.162954,South (Saket / Hauz Khas),waste_basket,MCD-South,800,Recyclable/Dry,94.2,2.32,4.64,19.74,78.1,2.5,0.742,0.81,0.182,0.578,1
BIN_0101,28.572566,77.162305,South (Saket / Hauz Khas),waste_basket,MCD-South,500,Organic/Wet,24.4,4.07,4.7,11.84,11.2,18.6,0.315,0.308,0.185,0.213,1
BIN_0102,28.577498,77.173351,Central / NDMC,waste_basket,NDMC,500,Recyclable/Dry,60.8,4.13,3.76,22.36,79.4,9.5,0.572,0.873,0.148,0.518,0
BIN_0103,28.574927,77.168472,South (Saket / Hauz Khas),waste_basket,MCD-South,500,Mixed Municipal,77.7,2.57,4.15,14.01,22.0,8.7,0.635,0.408,0.163,0.407,1
BIN_0104,28.574826,77.167559,South (Saket / Hauz Khas),waste_basket,MCD-South,500,Recyclable/Dry,44.1,2.04,4.23,19.56,72.5,27.4,0.381,0.779,0.166,0.391,1
BIN_0105,28.573808,77.165199,South (Saket / Hauz Khas),waste_basket,MCD-South,500,Organic/Wet,57.7,4.04,4.44,11.37,14.0,10.5,0.547,0.312,0.174,0.332,1
BIN_0106,28.573416,77.164341,South (Saket / Hauz Khas),waste_basket,MCD-South,500,Organic/Wet,27.2,5.85,4.51,11.74,13.6,12.4,0.398,0.318,0.177,0.259,1
BIN_0107,28.57404,77.165755,South (Saket / Hauz Khas),waste_basket,MCD-South,800,Organic/Wet,55.9,5.94,4.39,11.02,9.6,7.4,0.602,0.282,0.172,0.351,1
BIN_0108,28.575354,77.168648,South (Saket / Hauz Khas),waste_basket,MCD-South,300,Recyclable/Dry,25.6,2.32,4.14,19.7,71.4,32.1,0.261,0.776,0.163,0.331,1
BIN_0109,28.573076,77.163563,South (Saket / Hauz Khas),waste_basket,MCD-South,300,Organic/Wet,89.4,4.04,4.58,11.78,6.8,2.6,0.769,0.285,0.18,0.434,1
BIN_0110,28.575726,77.169441,South (Saket / Hauz Khas),waste_basket,MCD-South,500,Recyclable/Dry,29.0,2.1,4.07,19.36,73.5,33.8,0.277,0.779,0.16,0.341,1
BIN_0111,28.573381,77.164801,South (Saket / Hauz Khas),waste_basket,MCD-South,300,Organic/Wet,32.1,4.38,4.47,10.68,6.2,15.5,0.38,0.258,0.176,0.232,1
BIN_0112,28.57451,77.166824,South (Saket / Hauz Khas),waste_basket,MCD-South,300,Recyclable/Dry,67.1,4.0,4.29,21.95,70.7,8.2,0.611,0.821,0.168,0.518,1
BIN_0113,28.548596,77.189219,South (Saket / Hauz Khas),waste_basket,MCD-South,300,Mixed Municipal,81.9,3.19,2.9,15.3,20.9,5.7,0.686,0.43,0.114,0.449,1
BIN_0114,28.565571,77.270348,South-East (Lajpat / Okhla),waste_disposal,MCD-SouthEast,1500,Mixed Municipal,91.7,6.65,5.9,14.49,39.8,1.2,0.877,0.507,0.232,0.545,2
BIN_0115,28.548557,77.304489,South-East (Lajpat / Okhla),waste_disposal,MCD-SouthEast,2000,Mixed Municipal,77.0,6.35,9.46,14.55,30.5,3.6,0.764,0.462,0.371,0.446,2
BIN_0116,28.568867,77.213442,South-East (Lajpat / Okhla),waste_basket,MCD-SouthEast,300,Organic/Wet,59.2,4.54,0.38,11.93,14.0,9.0,0.575,0.324,0.015,0.382,2
BIN_0117,28.516465,77.223323,South (Saket / Hauz Khas),waste_disposal,MCD-South,1500,Mixed Municipal,23.7,6.09,5.79,15.17,30.3,12.5,0.382,0.474,0.227,0.288,1
BIN_0118,28.523139,77.235049,South (Saket / Hauz Khas),waste_disposal,MCD-South,2500,Mixed Municipal,32.6,5.79,5.48,13.94,25.3,11.6,0.433,0.423,0.215,0.301,1
BIN_0119,28.663698,77.182966,Karol Bagh / Patel Nagar,waste_disposal,MCD-KarolBagh,2000,Mixed Municipal,54.3,5.87,11.05,14.34,28.5,7.8,0.588,0.448,0.434,0.342,5
BIN_0120,28.624798,77.21934,Central / NDMC,waste_basket,NDMC,300,Recyclable/Dry,61.3,3.84,6.47,20.9,80.5,10.1,0.565,0.847,0.254,0.486,0
BIN_0121,28.570759,77.240116,South-East (Lajpat / Okhla),waste_basket,MCD-SouthEast,500,Recyclable/Dry,65.4,4.25,2.97,20.39,76.1,8.1,0.608,0.814,0.117,0.525,2
BIN_0122,28.538587,77.198811,South (Saket / Hauz Khas),waste_basket,MCD-South,300,Organic/Wet,33.7,3.02,3.36,11.16,14.3,22.0,0.343,0.309,0.132,0.238,1
BIN_0123,28.515193,77.20537,South (Saket / Hauz Khas),waste_disposal,MCD-South,2000,Mixed Municipal,38.7,5.25,5.8,13.61,27.4,11.7,0.457,0.427,0.228,0.311,1
BIN_0124,28.539818,77.242677,South-East (Lajpat / Okhla),waste_basket,MCD-SouthEast,300,Mixed Municipal,96.5,3.53,4.41,13.2,27.9,1.0,0.801,0.42,0.173,0.492,2
BIN_0125,28.540814,77.242348,South-East (Lajpat / Okhla),waste_disposal,MCD-SouthEast,2500,Mixed Municipal,15.4,8.17,4.31,15.24,33.6,10.4,0.397,0.492,0.169,0.312,2
BIN_0126,28.519299,77.207621,South (Saket / Hauz Khas),waste_basket,MCD-South,800,Organic/Wet,59.4,5.16,5.33,11.95,13.2,7.9,0.599,0.32,0.209,0.354,1
BIN_0127,28.522222,77.16837,South (Saket / Hauz Khas),waste_disposal,MCD-South,2000,Mixed Municipal,41.9,5.25,6.45,13.7,36.5,11.1,0.479,0.474,0.253,0.331,1
BIN_0128,28.522936,77.18064,South (Saket / Hauz Khas),waste_disposal,MCD-South,2500,Mixed Municipal,73.7,6.62,5.7,13.5,36.0,4.0,0.75,0.467,0.224,0.471,1
BIN_0129,28.614792,77.233762,Central / NDMC,waste_basket,NDMC,500,Organic/Wet,64.3,3.96,5.78,11.51,14.3,9.0,0.59,0.316,0.227,0.345,0
BIN_0130,28.565024,77.163268,South (Saket / Hauz Khas),waste_disposal,MCD-South,2000,Mixed Municipal,97.2,4.75,4.57,13.84,27.0,0.6,0.849,0.429,0.179,0.517,1
BIN_0131,28.533041,77.152124,South (Saket / Hauz Khas),waste_disposal,MCD-South,1500,Mixed Municipal,15.2,5.06,6.81,14.71,26.3,16.8,0.286,0.444,0.267,0.223,1
BIN_0132,28.644064,77.218329,City / Chandni Chowk,waste_basket,MCD-CitySP,300,Organic/Wet,85.6,3.32,8.59,11.71,12.9,4.3,0.717,0.314,0.337,0.385,9
BIN_0133,28.524654,77.189941,South (Saket / Hauz Khas),waste_basket,MCD-South,500,Organic/Wet,46.5,3.62,5.12,12.37,14.9,14.8,0.454,0.338,0.201,0.288,1
BIN_0134,28.527148,77.190113,South (Saket / Hauz Khas),waste_basket,MCD-South,800,Recyclable/Dry,77.3,4.07,4.86,18.74,84.1,5.6,0.685,0.819,0.191,0.55,1
BIN_0135,28.525827,77.189924,South (Saket / Hauz Khas),waste_basket,MCD-South,500,Recyclable/Dry,90.4,3.58,5.0,19.43,74.2,2.7,0.76,0.784,0.196,0.576,1
BIN_0136,28.525196,77.189909,South (Saket / Hauz Khas),waste_basket,MCD-South,300,Recyclable/Dry,89.7,3.78,5.07,21.91,78.1,2.7,0.762,0.857,0.199,0.598,1
BIN_0137,28.526394,77.189948,South (Saket / Hauz Khas),waste_basket,MCD-South,500,Recyclable/Dry,47.5,2.89,4.94,20.69,80.4,18.2,0.435,0.842,0.194,0.431,1
BIN_0138,28.529007,77.159183,South (Saket / Hauz Khas),waste_transfer_station,MCD-South,2000,Mixed Municipal,24.7,7.0,6.53,14.36,38.6,10.8,0.421,0.499,0.256,0.309,1
BIN_0139,28.50077,77.301293,South-East (Lajpat / Okhla),waste_disposal,MCD-SouthEast,2000,Mixed Municipal,28.8,7.27,11.58,13.83,36.0,9.8,0.459,0.474,0.455,0.281,2
BIN_0140,28.574415,77.168682,South (Saket / Hauz Khas),waste_disposal,MCD-South,2500,Mixed Municipal,80.5,8.08,4.11,14.55,33.0,2.4,0.85,0.475,0.161,0.535,1
BIN_0141,28.572648,77.169606,South (Saket / Hauz Khas),waste_disposal,MCD-South,2000,Mixed Municipal,26.9,7.61,3.99,14.88,35.6,9.6,0.458,0.495,0.157,0.346,1
BIN_0142,28.623668,77.231662,Central / NDMC,waste_basket,NDMC,300,Recyclable/Dry,59.5,2.26,6.63,20.97,83.6,17.9,0.497,0.864,0.26,0.455,0
BIN_0143,28.599326,77.293805,Shahdara South (Mayur Vihar),waste_disposal,MCD-ShahdaraSouth,2500,Mixed Municipal,81.2,6.09,8.93,15.12,26.9,3.1,0.784,0.456,0.351,0.459,11
BIN_0144,28.516942,77.179717,South (Saket / Hauz Khas),recycling,MCD-South,1000,Recyclable/Dry,74.8,4.31,6.32,19.25,78.9,5.8,0.676,0.804,0.248,0.53,1
BIN_0145,28.638387,77.136298,West (Janakpuri / Rajouri),recycling,MCD-West,1000,Recyclable/Dry,35.9,3.86,10.7,21.71,86.8,16.6,0.388,0.896,0.42,0.379,4
BIN_0146,28.625487,77.049008,West (Janakpuri / Rajouri),recycling,MCD-West,1000,Recyclable/Dry,63.4,4.77,17.0,20.23,78.1,7.7,0.613,0.821,0.667,0.419,4
BIN_0147,28.607486,77.102406,West (Janakpuri / Rajouri),recycling,MCD-West,1000,Recyclable/Dry,27.7,4.87,11.42,20.5,82.9,14.8,0.366,0.851,0.448,0.349,4
BIN_0148,28.533174,77.217832,South (Saket / Hauz Khas),recycling,MCD-South,1000,Recyclable/Dry,16.5,4.03,3.86,21.43,83.6,20.7,0.258,0.874,0.152,0.361,1
BIN_0149,28.532861,77.218532,South (Saket / Hauz Khas),recycling,MCD-South,1000,Recyclable/Dry,72.8,3.91,3.91,22.86,90.8,7.0,0.648,0.94,0.154,0.575,1
BIN_0150,28.558656,77.228148,South-East (Lajpat / Okhla),recycling,MCD-SouthEast,1000,Recyclable/Dry,62.8,2.88,2.01,23.11,87.0,12.9,0.542,0.927,0.079,0.533,2
BIN_0151,28.578063,77.20107,Central / NDMC,recycling,NDMC,1000,Recyclable/Dry,92.6,4.34,1.49,21.53,82.2,1.7,0.802,0.869,0.059,0.65,0
BIN_0152,28.505545,77.198764,South (Saket / Hauz Khas),recycling,MCD-South,1000,Recyclable/Dry,96.7,2.78,6.94,23.13,82.7,1.2,0.775,0.906,0.272,0.605,1
BIN_0153,28.647721,77.183078,Karol Bagh / Patel Nagar,recycling,MCD-KarolBagh,1000,Recyclable/Dry,87.2,4.8,9.33,22.69,77.1,2.7,0.78,0.868,0.366,0.577,5
BIN_0154,28.624815,77.082793,West (Janakpuri / Rajouri),recycling,MCD-West,1000,Recyclable/Dry,19.5,3.5,13.97,21.09,85.1,23.0,0.26,0.874,0.548,0.283,4
BIN_0155,28.655385,77.225291,City / Chandni Chowk,recycling,MCD-CitySP,1000,Recyclable/Dry,42.7,2.51,9.92,20.18,88.6,22.8,0.388,0.872,0.389,0.378,9
BIN_0156,28.601836,77.067479,South-West (Dwarka),recycling,MCD-SouthWest,1000,Recyclable/Dry,43.7,4.8,14.44,20.49,84.1,11.7,0.476,0.856,0.567,0.382,3
BIN_0157,28.572281,77.167404,South (Saket / Hauz Khas),recycling,MCD-South,1000,Recyclable/Dry,33.6,3.63,4.2,20.23,87.5,18.3,0.364,0.868,0.165,0.409,1
BIN_0158,28.53845,77.28421,South-East (Lajpat / Okhla),recycling,MCD-SouthEast,1000,Recyclable/Dry,56.4,2.94,7.92,20.76,77.4,14.8,0.499,0.829,0.311,0.436,2
BIN_0159,28.668566,77.07198,West (Janakpuri / Rajouri),recycling,MCD-West,1000,Recyclable/Dry,63.2,3.41,17.57,20.59,90.6,10.8,0.563,0.891,0.69,0.411,4
BIN_0160,28.612304,77.288571,Shahdara South (Mayur Vihar),recycling,MCD-ShahdaraSouth,1000,Recyclable/Dry,29.8,4.16,9.17,21.66,75.2,16.9,0.356,0.837,0.36,0.357,11
BIN_0161,28.679381,77.262765,Shahdara North,recycling,MCD-ShahdaraNorth,1000,Recyclable/Dry,22.1,3.54,13.5,23.31,77.5,22.0,0.28,0.883,0.53,0.299,10
BIN_0162,28.671504,77.149323,Keshavpuram / Shalimar,recycling,MCD-Keshavpuram,1000,Recyclable/Dry,20.6,3.99,13.02,23.48,83.5,19.9,0.286,0.917,0.511,0.316,8
BIN_0163,28.737269,77.137453,Rohini / Pitampura,recycling,MCD-Rohini,1000,Recyclable/Dry,32.0,4.75,20.19,22.25,78.6,14.3,0.392,0.866,0.793,0.298,7
BIN_0164,28.732347,77.190798,Keshavpuram / Shalimar,recycling,MCD-Keshavpuram,1000,Recyclable/Dry,61.9,3.68,18.46,19.45,75.6,10.4,0.564,0.792,0.725,0.374,8
BIN_0165,28.679153,77.206607,North / Civil Lines,recycling,MCD-North,1000,Recyclable/Dry,58.5,3.63,12.45,18.83,88.2,11.4,0.538,0.842,0.489,0.424,6
BIN_0166,28.762453,77.186069,Keshavpuram / Shalimar,recycling,MCD-Keshavpuram,1000,Recyclable/Dry,27.9,3.9,21.84,20.7,81.8,18.5,0.333,0.849,0.857,0.25,8
BIN_0167,28.666654,77.078082,West (Janakpuri / Rajouri),recycling,MCD-West,1000,Recyclable/Dry,46.0,4.87,16.97,19.41,89.7,11.1,0.494,0.861,0.666,0.372,4
BIN_0168,28.700309,77.207004,North / Civil Lines,recycling,MCD-North,1000,Recyclable/Dry,17.1,3.52,14.8,19.85,85.9,23.6,0.244,0.852,0.581,0.262,6
BIN_0169,28.670128,77.298995,Shahdara North,recycling,MCD-ShahdaraNorth,1000,Recyclable/Dry,17.2,4.15,14.37,19.28,87.2,20.0,0.267,0.846,0.564,0.275,10
BIN_0170,28.618785,77.088786,West (Janakpuri / Rajouri),recycling,MCD-West,1000,Recyclable/Dry,16.6,4.18,13.15,19.61,78.9,20.0,0.264,0.812,0.516,0.272,4
BIN_0171,28.655365,77.159856,Karol Bagh / Patel Nagar,recycling,MCD-KarolBagh,1000,Recyclable/Dry,69.2,2.95,10.96,19.02,88.6,10.4,0.589,0.848,0.43,0.463,5
BIN_0172,28.71454,77.228037,North / Civil Lines,recycling,MCD-North,1000,Recyclable/Dry,74.9,3.11,16.48,19.69,76.7,8.1,0.634,0.802,0.647,0.429,6
BIN_0173,28.607703,77.048243,South-West (Dwarka),recycling,MCD-SouthWest,1000,Recyclable/Dry,70.5,3.49,16.42,22.78,89.1,8.5,0.617,0.93,0.645,0.459,3
BIN_0174,28.640222,77.067366,West (Janakpuri / Rajouri),recycling,MCD-West,1000,Recyclable/Dry,16.1,4.74,16.12,19.52,80.0,17.7,0.281,0.815,0.633,0.258,4
BIN_0175,28.468148,77.086914,South (Saket / Hauz Khas),recycling,MCD-South,1000,Recyclable/Dry,30.1,2.57,16.31,18.93,78.5,27.2,0.302,0.795,0.64,0.261,1
BIN_0176,28.494595,77.059716,South-West (Dwarka),recycling,MCD-SouthWest,1000,Recyclable/Dry,82.8,4.73,16.75,21.42,82.2,3.6,0.747,0.867,0.658,0.502,3
BIN_0177,28.697492,77.185959,Keshavpuram / Shalimar,recycling,MCD-Keshavpuram,1000,Recyclable/Dry,64.0,3.45,14.68,20.21,79.4,10.4,0.57,0.827,0.576,0.418,8
BIN_0178,28.630328,77.219679,Central / NDMC,waste_basket,NDMC,300,Recyclable/Dry,39.4,3.09,7.08,20.55,79.9,19.6,0.385,0.837,0.278,0.388,0
BIN_0179,28.630163,77.219645,Central / NDMC,waste_basket,NDMC,800,Recyclable/Dry,89.2,3.22,7.06,19.2,85.6,3.4,0.738,0.837,0.277,0.565,0
BIN_0180,28.615328,77.31034,Shahdara South (Mayur Vihar),waste_transfer_station,MCD-ShahdaraSouth,1500,Mixed Municipal,73.0,7.47,11.16,14.21,32.7,3.6,0.776,0.466,0.438,0.44,11
BIN_0181,28.629794,77.221271,Central / NDMC,waste_basket,NDMC,300,Organic/Wet,89.7,3.4,7.05,11.79,9.2,3.0,0.748,0.297,0.277,0.408,0
BIN_0182,28.614097,77.230915,Central / NDMC,waste_basket,NDMC,500,Recyclable/Dry,56.3,4.04,5.6,22.61,79.5,10.8,0.537,0.879,0.22,0.488,0
BIN_0183,28.61406,77.231405,Central / NDMC,waste_basket,NDMC,300,Organic/Wet,26.6,3.32,5.61,11.49,12.2,22.1,0.304,0.305,0.22,0.199,0
BIN_0184,28.613784,77.230889,Central / NDMC,waste_basket,NDMC,300,Organic/Wet,56.0,4.9,5.57,11.96,7.5,9.0,0.566,0.292,0.219,0.327,0
BIN_0185,28.613771,77.2314,Central / NDMC,waste_basket,NDMC,500,Recyclable/Dry,44.4,3.06,5.58,20.52,83.9,18.2,0.419,0.856,0.219,0.423,0
BIN_0186,28.611643,77.230853,Central / NDMC,waste_basket,NDMC,800,Organic/Wet,84.5,3.2,5.34,10.68,12.7,4.8,0.705,0.291,0.21,0.398,0
BIN_0187,28.61162,77.231273,Central / NDMC,waste_basket,NDMC,300,Mixed Municipal,47.9,4.87,5.36,14.8,29.2,10.7,0.508,0.461,0.21,0.35,0
BIN_0188,28.611915,77.231321,Central / NDMC,waste_basket,NDMC,800,Organic/Wet,28.4,4.62,5.39,11.47,7.7,15.5,0.362,0.283,0.212,0.224,0
BIN_0189,28.611932,77.230831,Central / NDMC,waste_basket,NDMC,500,Recyclable/Dry,54.4,3.56,5.37,23.28,72.8,12.8,0.507,0.859,0.211,0.469,0
BIN_0190,28.552661,77.23716,South-East (Lajpat / Okhla),waste_disposal,MCD-SouthEast,1500,Mixed Municipal,72.1,6.48,3.11,13.19,35.9,4.3,0.734,0.46,0.122,0.481,2
BIN_0191,28.618358,77.293744,Shahdara South (Mayur Vihar),waste_basket,MCD-ShahdaraSouth,300,Organic/Wet,37.6,5.08,9.96,12.14,13.0,12.3,0.443,0.323,0.391,0.24,11
BIN_0192,28.620213,77.306622,Shahdara South (Mayur Vihar),waste_disposal,MCD-ShahdaraSouth,2000,Mixed Municipal,94.9,7.73,11.12,13.26,29.7,0.7,0.938,0.431,0.437,0.511,11
BIN_0193,28.607853,77.33637,Shahdara South (Mayur Vihar),waste_disposal,MCD-ShahdaraSouth,1500,Mixed Municipal,60.0,5.24,13.14,15.38,31.7,7.6,0.606,0.486,0.516,0.345,11
BIN_0194,28.470584,77.088836,South (Saket / Hauz Khas),waste_basket,MCD-South,800,Recyclable/Dry,85.5,3.73,15.99,22.53,81.9,3.9,0.731,0.889,0.628,0.506,1
BIN_0195,28.470304,77.088048,South (Saket / Hauz Khas),waste_basket,MCD-South,300,Organic/Wet,18.3,5.83,16.06,10.94,14.9,14.0,0.335,0.307,0.631,0.133,1
BIN_0196,28.468171,77.087717,South (Saket / Hauz Khas),waste_basket,MCD-South,500,Mixed Municipal,17.8,4.79,16.25,13.45,28.5,17.2,0.294,0.429,0.638,0.148,1
BIN_0197,28.46912,77.087149,South (Saket / Hauz Khas),waste_basket,MCD-South,500,Organic/Wet,54.4,5.83,16.22,12.35,14.7,7.8,0.587,0.336,0.637,0.267,1
BIN_0198,28.471145,77.090195,South (Saket / Hauz Khas),waste_basket,MCD-South,800,Recyclable/Dry,64.5,2.09,15.85,20.1,84.9,17.0,0.526,0.852,0.622,0.394,1
BIN_0199,28.471436,77.091091,South (Saket / Hauz Khas),waste_basket,MCD-South,300,Organic/Wet,75.2,4.02,15.76,10.65,12.0,6.2,0.669,0.287,0.619,0.297,1
BIN_0200,28.589997,77.216698,Central / NDMC,waste_basket,NDMC,300,Organic/Wet,66.9,3.96,2.62,11.58,12.9,8.4,0.609,0.311,0.103,0.377,0
BIN_0201,28.589845,77.214856,Central / NDMC,waste_basket,NDMC,800,Recyclable/Dry,16.8,4.18,2.56,19.66,70.4,19.9,0.266,0.77,0.101,0.344,0
BIN_0202,28.596144,77.223247,Central / NDMC,waste_basket,NDMC,800,Recyclable/Dry,44.1,4.49,3.47,23.2,84.4,12.4,0.468,0.916,0.136,0.481,0
BIN_0203,28.592353,77.22364,Central / NDMC,waste_basket,NDMC,500,Organic/Wet,96.7,5.62,3.1,11.46,11.3,0.6,0.876,0.3,0.122,0.504,0
BIN_0204,28.543879,77.191727,South (Saket / Hauz Khas),waste_basket,MCD-South,500,Organic/Wet,24.2,3.72,3.15,11.34,12.4,20.4,0.301,0.303,0.124,0.217,1
BIN_0205,28.547282,77.183626,South (Saket / Hauz Khas),waste_basket,MCD-South,300,Organic/Wet,16.5,3.13,3.4,11.09,7.3,26.7,0.226,0.272,0.133,0.168,1
BIN_0206,28.548928,77.184663,South (Saket / Hauz Khas),waste_basket,MCD-South,800,Organic/Wet,93.8,3.65,3.2,11.27,11.8,1.7,0.786,0.299,0.126,0.457,1
BIN_0207,28.545688,77.182533,South (Saket / Hauz Khas),waste_basket,MCD-South,500,Organic/Wet,53.8,5.83,3.59,11.34,13.8,7.9,0.583,0.31,0.141,0.356,1
BIN_0208,28.545517,77.182438,South (Saket / Hauz Khas),waste_basket,MCD-South,500,Organic/Wet,68.9,5.83,3.61,12.48,7.3,5.3,0.689,0.302,0.142,0.407,1
BIN_0209,28.54392,77.181824,South (Saket / Hauz Khas),waste_disposal,MCD-South,1500,Mixed Municipal,46.9,4.69,3.78,15.08,26.8,11.3,0.494,0.455,0.148,0.354,1
BIN_0210,28.545331,77.191712,South (Saket / Hauz Khas),waste_basket,MCD-South,300,Mixed Municipal,33.0,4.07,3.02,15.07,32.0,16.5,0.375,0.481,0.119,0.308,1
BIN_0211,28.544933,77.191472,South (Saket / Hauz Khas),waste_basket,MCD-South,500,Recyclable/Dry,55.8,3.29,3.07,21.13,74.7,13.4,0.507,0.823,0.121,0.476,1
BIN_0212,28.544715,77.191703,South (Saket / Hauz Khas),waste_basket,MCD-South,800,Mixed Municipal,17.9,4.37,3.07,14.16,29.3,18.8,0.28,0.448,0.121,0.25,1
BIN_0213,28.643328,77.219626,City / Chandni Chowk,waste_basket,MCD-CitySP,800,Mixed Municipal,54.6,3.18,8.52,14.14,25.9,14.3,0.495,0.43,0.335,0.31,9
BIN_0214,28.558958,77.195821,South (Saket / Hauz Khas),waste_basket,MCD-South,300,Mixed Municipal,76.0,4.83,1.66,13.09,24.9,5.0,0.703,0.403,0.065,0.459,1
BIN_0215,28.587767,77.247941,South-East (Lajpat / Okhla),waste_basket,MCD-SouthEast,300,Organic/Wet,59.2,3.15,4.35,10.51,12.0,13.0,0.526,0.284,0.171,0.314,2
BIN_0216,28.619519,77.22753,Central / NDMC,recycling,NDMC,1000,Recyclable/Dry,97.3,4.74,6.06,23.31,76.9,0.6,0.849,0.88,0.238,0.641,0
BIN_0217,28.656346,77.228537,City / Chandni Chowk,waste_basket,MCD-CitySP,300,Mixed Municipal,70.0,3.93,10.08,14.29,33.6,7.6,0.629,0.472,0.396,0.377,9
BIN_0218,28.730543,77.161452,Keshavpuram / Shalimar,waste_disposal,MCD-Keshavpuram,2500,Mixed Municipal,87.1,6.59,18.77,15.16,36.0,2.0,0.843,0.503,0.737,0.425,8
BIN_0219,28.730025,77.177506,Keshavpuram / Shalimar,waste_transfer_station,MCD-Keshavpuram,1500,Mixed Municipal,34.8,5.84,18.38,13.39,27.4,11.2,0.45,0.422,0.722,0.207,8
BIN_0220,28.455457,77.089352,South (Saket / Hauz Khas),waste_basket,MCD-South,800,Organic/Wet,94.8,5.64,17.13,11.9,6.9,0.9,0.863,0.288,0.673,0.383,1
BIN_0221,28.470327,77.087976,South (Saket / Hauz Khas),waste_basket,MCD-South,500,Mixed Municipal,90.4,3.07,16.07,13.01,32.3,3.1,0.742,0.438,0.631,0.376,1
BIN_0222,28.466094,77.088337,South (Saket / Hauz Khas),waste_basket,MCD-South,300,Recyclable/Dry,22.0,2.48,16.36,22.28,74.7,31.5,0.242,0.848,0.642,0.247,1
BIN_0223,28.466478,77.08828,South (Saket / Hauz Khas),waste_basket,MCD-South,300,Recyclable/Dry,83.0,2.02,16.34,19.08,76.8,8.4,0.653,0.79,0.642,0.435,1
BIN_0224,28.464554,77.089092,South (Saket / Hauz Khas),waste_basket,MCD-South,300,Organic/Wet,47.5,5.52,16.43,10.54,9.3,9.5,0.528,0.271,0.645,0.216,1
BIN_0225,28.46719,77.087915,South (Saket / Hauz Khas),waste_basket,MCD-South,300,Recyclable/Dry,93.6,3.93,16.31,22.44,73.1,1.6,0.794,0.843,0.64,0.522,1
BIN_0226,28.465524,77.08859,South (Saket / Hauz Khas),waste_basket,MCD-South,300,Recyclable/Dry,21.2,2.14,16.39,22.04,78.5,36.8,0.224,0.861,0.644,0.242,1
BIN_0227,28.464104,77.089309,South (Saket / Hauz Khas),waste_basket,MCD-South,800,Mixed Municipal,64.3,4.12,16.45,14.69,26.7,8.7,0.596,0.446,0.646,0.303,1
BIN_0228,28.463457,77.089476,South (Saket / Hauz Khas),waste_basket,MCD-South,300,Organic/Wet,36.0,5.46,16.48,12.14,8.7,11.7,0.445,0.302,0.647,0.184,1
BIN_0229,28.462767,77.089732,South (Saket / Hauz Khas),waste_basket,MCD-South,300,Organic/Wet,85.9,3.31,16.52,11.44,14.4,4.3,0.719,0.315,0.649,0.324,1
BIN_0230,28.462136,77.089634,South (Saket / Hauz Khas),waste_basket,MCD-South,500,Recyclable/Dry,34.1,3.93,16.58,19.99,85.1,16.8,0.378,0.851,0.651,0.314,1
BIN_0231,28.453611,77.088915,South (Saket / Hauz Khas),waste_basket,MCD-South,300,Mixed Municipal,90.5,4.33,17.31,15.41,20.5,2.2,0.787,0.43,0.68,0.387,1
BIN_0232,28.45792,77.089415,South (Saket / Hauz Khas),waste_basket,MCD-South,800,Mixed Municipal,41.6,3.28,16.93,14.9,26.6,17.8,0.407,0.45,0.665,0.206,1
BIN_0233,28.452643,77.088388,South (Saket / Hauz Khas),waste_basket,MCD-South,500,Recyclable/Dry,61.7,3.79,17.42,19.5,85.6,10.1,0.566,0.843,0.684,0.399,1
BIN_0234,28.448622,77.08782,South (Saket / Hauz Khas),waste_basket,MCD-South,500,Recyclable/Dry,27.8,2.23,17.79,19.3,73.7,32.4,0.274,0.779,0.698,0.231,1
BIN_0235,28.445737,77.089141,South (Saket / Hauz Khas),waste_basket,MCD-South,500,Recyclable/Dry,90.7,2.74,17.94,18.59,84.3,3.4,0.732,0.817,0.704,0.47,1
BIN_0236,28.432488,77.094981,South (Saket / Hauz Khas),waste_basket,MCD-South,800,Organic/Wet,65.4,4.79,18.73,11.42,5.0,7.2,0.627,0.268,0.735,0.247,1
BIN_0237,28.728968,77.177544,Keshavpuram / Shalimar,waste_transfer_station,MCD-Keshavpuram,1500,Mixed Municipal,63.3,4.76,18.26,13.5,32.4,7.7,0.612,0.449,0.717,0.297,8
BIN_0238,28.721399,77.166874,Keshavpuram / Shalimar,waste_basket,MCD-Keshavpuram,300,Recyclable/Dry,21.0,2.03,17.66,20.05,78.2,38.9,0.219,0.818,0.693,0.216,8
BIN_0239,28.730834,77.16577,Keshavpuram / Shalimar,waste_disposal,MCD-Keshavpuram,2000,Mixed Municipal,72.7,5.67,18.7,14.2,34.0,4.8,0.71,0.472,0.734,0.35,8
BIN_0240,28.733538,77.16262,Keshavpuram / Shalimar,waste_disposal,MCD-Keshavpuram,1500,Mixed Municipal,77.2,7.4,19.07,15.38,38.6,3.1,0.803,0.52,0.749,0.408,8
BIN_0241,28.599938,77.225889,Central / NDMC,waste_basket,NDMC,300,Organic/Wet,32.5,4.45,3.96,11.64,5.2,15.2,0.385,0.274,0.155,0.244,0
BIN_0242,28.596152,77.223272,Central / NDMC,waste_basket,NDMC,300,Recyclable/Dry,88.3,3.34,3.47,23.21,71.3,3.5,0.736,0.85,0.136,0.596,0
BIN_0243,28.596957,77.223206,Central / NDMC,waste_basket,NDMC,300,Recyclable/Dry,31.7,4.44,3.55,20.29,75.8,15.4,0.379,0.811,0.139,0.405,0
BIN_0244,28.596278,77.223279,Central / NDMC,waste_basket,NDMC,500,Recyclable/Dry,25.3,4.38,3.48,18.71,82.1,17.1,0.332,0.809,0.137,0.381,0
BIN_0245,28.595765,77.223462,Central / NDMC,waste_basket,NDMC,800,Recyclable/Dry,92.6,2.75,3.44,21.58,81.0,2.7,0.746,0.864,0.135,0.605,0
BIN_0246,28.599175,77.226156,Central / NDMC,waste_disposal,NDMC,2000,Mixed Municipal,55.2,6.95,3.89,14.56,36.8,6.4,0.633,0.494,0.153,0.434,0
BIN_0247,28.43112,77.103091,South (Saket / Hauz Khas),waste_basket,MCD-South,500,Recyclable/Dry,18.4,3.2,18.39,21.49,84.1,25.5,0.242,0.878,0.722,0.24,1
BIN_0248,28.63488,77.219577,Central / NDMC,waste_basket,NDMC,300,Organic/Wet,54.8,4.95,7.58,11.95,10.9,9.1,0.559,0.309,0.298,0.313,0
BIN_0249,28.743455,77.16827,Keshavpuram / Shalimar,waste_transfer_station,MCD-Keshavpuram,2500,Mixed Municipal,30.1,5.85,20.02,13.55,39.6,11.9,0.418,0.486,0.786,0.198,8
BIN_0250,28.721559,77.1666,Keshavpuram / Shalimar,waste_basket,MCD-Keshavpuram,500,Recyclable/Dry,34.0,3.8,17.68,20.99,80.0,17.4,0.373,0.847,0.694,0.301,8
BIN_0251,28.753146,77.161122,Rohini / Pitampura,recycling,MCD-Rohini,1000,Recyclable/Dry,31.6,4.13,21.22,23.48,91.6,16.6,0.367,0.958,0.833,0.304,7
BIN_0252,28.548725,77.252934,South-East (Lajpat / Okhla),waste_basket,MCD-SouthEast,500,Organic/Wet,87.1,4.39,4.67,10.56,7.6,2.9,0.765,0.263,0.183,0.425,2
BIN_0253,28.549118,77.251349,South-East (Lajpat / Okhla),waste_basket,MCD-SouthEast,500,Recyclable/Dry,97.0,2.93,4.51,20.63,76.2,1.0,0.783,0.82,0.177,0.602,2
BIN_0254,28.548369,77.252082,South-East (Lajpat / Okhla),waste_basket,MCD-SouthEast,300,Mixed Municipal,55.4,4.31,4.61,14.45,26.6,10.3,0.54,0.44,0.181,0.366,2
BIN_0255,28.732936,77.170222,Keshavpuram / Shalimar,waste_disposal,MCD-Keshavpuram,2000,Mixed Municipal,97.3,7.12,18.83,14.49,36.9,0.4,0.933,0.493,0.739,0.467,8
BIN_0256,28.550349,77.234861,South-East (Lajpat / Okhla),waste_basket,MCD-SouthEast,300,Organic/Wet,34.6,5.51,3.07,11.27,9.7,11.9,0.437,0.288,0.121,0.281,2
BIN_0257,28.460395,77.089523,South (Saket / Hauz Khas),waste_basket,MCD-South,500,Organic/Wet,57.5,4.12,16.72,11.7,11.3,10.3,0.548,0.305,0.656,0.235,1
BIN_0258,28.460859,77.089763,South (Saket / Hauz Khas),waste_basket,MCD-South,300,Organic/Wet,64.2,4.22,16.67,11.37,6.0,8.5,0.599,0.272,0.654,0.25,1
BIN_0259,28.456761,77.089449,South (Saket / Hauz Khas),waste_basket,MCD-South,500,Recyclable/Dry,48.1,2.78,17.02,18.98,81.7,18.7,0.435,0.812,0.668,0.328,1
BIN_0260,28.656538,77.227707,City / Chandni Chowk,waste_basket,MCD-CitySP,800,Organic/Wet,34.7,4.19,10.08,11.68,11.0,15.6,0.391,0.304,0.396,0.208,9
BIN_0261,28.656631,77.22578,City / Chandni Chowk,waste_basket,MCD-CitySP,300,Mixed Municipal,70.6,3.62,10.06,14.11,25.0,8.1,0.622,0.425,0.395,0.36,9
BIN_0262,28.656587,77.226681,City / Chandni Chowk,waste_basket,MCD-CitySP,300,Organic/Wet,44.8,3.76,10.07,11.68,14.5,14.7,0.447,0.321,0.395,0.241,9
BIN_0263,28.656576,77.226276,City / Chandni Chowk,waste_basket,MCD-CitySP,300,Recyclable/Dry,73.5,3.95,10.06,20.28,79.6,6.7,0.654,0.829,0.395,0.497,9
BIN_0264,28.656803,77.223765,City / Chandni Chowk,waste_basket,MCD-CitySP,300,Mixed Municipal,96.9,2.59,10.05,14.4,28.1,1.2,0.77,0.447,0.395,0.44,9
BIN_0265,28.656754,77.223979,City / Chandni Chowk,waste_basket,MCD-CitySP,300,Organic/Wet,29.9,3.67,10.05,10.6,11.4,19.1,0.339,0.283,0.395,0.175,9
BIN_0266,28.656525,77.224275,City / Chandni Chowk,waste_basket,MCD-CitySP,300,Organic/Wet,54.8,4.19,10.03,11.67,11.9,10.8,0.532,0.308,0.394,0.28,9
BIN_0267,28.656517,77.2242,City / Chandni Chowk,waste_basket,MCD-CitySP,500,Organic/Wet,36.1,4.74,10.03,11.15,14.7,13.5,0.421,0.311,0.394,0.225,9
BIN_0268,28.656749,77.224559,City / Chandni Chowk,waste_basket,MCD-CitySP,500,Organic/Wet,26.9,3.4,10.06,11.56,6.3,21.5,0.309,0.277,0.395,0.159,9
BIN_0269,28.656747,77.22339,City / Chandni Chowk,waste_basket,MCD-CitySP,800,Recyclable/Dry,28.0,3.83,10.04,19.31,73.4,18.8,0.332,0.778,0.394,0.32,9
BIN_0270,28.656666,77.225385,City / Chandni Chowk,waste_basket,MCD-CitySP,300,Mixed Municipal,46.1,4.95,10.06,13.64,29.9,10.9,0.498,0.44,0.395,0.302,9
BIN_0271,28.656729,77.224383,City / Chandni Chowk,waste_basket,MCD-CitySP,300,Organic/Wet,24.4,5.31,10.05,12.16,13.6,14.2,0.359,0.327,0.395,0.199,9
BIN_0272,28.459797,77.089531,South (Saket / Hauz Khas),waste_basket,MCD-South,500,Mixed Municipal,70.4,4.57,16.77,14.5,34.1,6.5,0.655,0.479,0.658,0.339,1
BIN_0273,28.72151,77.166631,Keshavpuram / Shalimar,waste_basket,MCD-Keshavpuram,500,Organic/Wet,86.9,3.95,17.67,10.82,11.0,3.3,0.748,0.285,0.694,0.321,8
BIN_0274,28.445994,77.080898,South (Saket / Hauz Khas),waste_basket,MCD-South,800,Recyclable/Dry,69.0,2.27,18.46,18.95,75.2,13.7,0.563,0.779,0.725,0.371,1
BIN_0275,28.70416,77.192093,Keshavpuram / Shalimar,waste_basket,MCD-Keshavpuram,500,Mixed Municipal,41.3,4.69,15.33,14.1,33.5,12.5,0.455,0.468,0.602,0.247,8
BIN_0276,28.704249,77.192327,Keshavpuram / Shalimar,waste_basket,MCD-Keshavpuram,800,Organic/Wet,67.3,3.99,15.34,11.09,11.5,8.2,0.612,0.293,0.602,0.274,8
BIN_0277,28.704567,77.192238,Keshavpuram / Shalimar,waste_basket,MCD-Keshavpuram,500,Recyclable/Dry,60.3,3.49,15.37,20.4,79.9,11.4,0.546,0.834,0.603,0.402,8
BIN_0278,28.704129,77.192333,Keshavpuram / Shalimar,waste_basket,MCD-Keshavpuram,300,Organic/Wet,78.0,4.93,15.32,11.67,6.7,4.5,0.721,0.282,0.601,0.325,8
BIN_0279,28.428576,77.057171,South (Saket / Hauz Khas),waste_basket,MCD-South,500,Recyclable/Dry,82.5,4.29,21.46,23.26,85.2,4.1,0.729,0.921,0.843,0.472,1
BIN_0280,28.550663,77.234676,South-East (Lajpat / Okhla),waste_basket,MCD-SouthEast,300,Organic/Wet,47.7,4.43,3.03,11.55,7.5,11.8,0.491,0.283,0.119,0.307,2
BIN_0281,28.642146,77.220828,City / Chandni Chowk,waste_basket,MCD-CitySP,500,Recyclable/Dry,50.8,4.06,8.4,22.08,79.4,12.1,0.499,0.867,0.33,0.444,9
BIN_0282,28.640104,77.221094,City / Chandni Chowk,waste_basket,MCD-CitySP,800,Organic/Wet,31.4,4.14,8.18,12.41,11.5,16.6,0.366,0.322,0.321,0.215,9
BIN_0283,28.553668,77.240996,South-East (Lajpat / Okhla),waste_basket,MCD-SouthEast,500,Organic/Wet,70.6,4.57,3.38,10.83,11.2,6.4,0.656,0.286,0.133,0.387,2
BIN_0284,28.656415,77.229216,City / Chandni Chowk,waste_basket,MCD-CitySP,800,Recyclable/Dry,48.2,3.79,10.1,21.4,71.6,13.7,0.472,0.813,0.397,0.401,9
BIN_0285,28.656468,77.228766,City / Chandni Chowk,waste_basket,MCD-CitySP,800,Recyclable/Dry,81.4,4.15,10.09,21.11,72.2,4.5,0.717,0.81,0.396,0.522,9
BIN_0286,28.65627,77.230712,City / Chandni Chowk,waste_basket,MCD-CitySP,300,Organic/Wet,50.2,5.75,10.11,12.09,6.9,8.7,0.555,0.292,0.397,0.286,9
BIN_0287,28.656561,77.228018,City / Chandni Chowk,waste_basket,MCD-CitySP,300,Recyclable/Dry,15.2,2.28,10.09,20.37,79.5,37.2,0.187,0.831,0.396,0.264,9
BIN_0288,28.584371,77.257962,South-East (Lajpat / Okhla),recycling,MCD-SouthEast,1000,Recyclable/Dry,80.9,3.98,5.06,21.69,83.8,4.8,0.707,0.88,0.199,0.578,2
BIN_0289,28.473378,77.092132,South (Saket / Hauz Khas),recycling,MCD-South,1000,Recyclable/Dry,90.2,3.4,15.54,21.73,78.0,2.9,0.752,0.852,0.61,0.51,1
BIN_0290,28.550734,77.234513,South-East (Lajpat / Okhla),waste_basket,MCD-SouthEast,500,Recyclable/Dry,85.6,3.83,3.01,19.78,75.4,3.8,0.735,0.798,0.118,0.583,2
BIN_0291,28.583968,77.240529,South-East (Lajpat / Okhla),waste_basket,MCD-SouthEast,800,Organic/Wet,27.4,5.8,3.52,11.84,13.1,12.5,0.397,0.317,0.138,0.266,2
BIN_0292,28.583974,77.240532,South-East (Lajpat / Okhla),waste_basket,MCD-SouthEast,1000,Recyclable/Dry,87.1,3.09,3.52,20.62,77.6,4.2,0.719,0.827,0.138,0.58,2
BIN_0293,28.583173,77.23945,South-East (Lajpat / Okhla),waste_basket,MCD-SouthEast,1000,Recyclable/Dry,40.9,2.95,3.38,20.86,84.1,20.0,0.391,0.864,0.133,0.428,2
BIN_0294,28.583168,77.239449,South-East (Lajpat / Okhla),waste_basket,MCD-SouthEast,800,Organic/Wet,36.3,5.41,3.38,10.96,7.1,11.8,0.446,0.269,0.133,0.277,2
BIN_0295,28.584087,77.240984,South-East (Lajpat / Okhla),waste_basket,MCD-SouthEast,800,Organic/Wet,37.8,3.93,3.56,11.76,5.6,15.8,0.404,0.278,0.14,0.257,2
BIN_0296,28.584085,77.240983,South-East (Lajpat / Okhla),waste_basket,MCD-SouthEast,1000,Recyclable/Dry,52.0,3.61,3.56,21.49,86.5,13.3,0.492,0.89,0.14,0.485,2
BIN_0297,28.583841,77.240937,South-East (Lajpat / Okhla),waste_basket,MCD-SouthEast,1000,Recyclable/Dry,83.0,3.35,3.54,22.12,75.3,5.1,0.7,0.847,0.139,0.576,2
BIN_0298,28.583844,77.240927,South-East (Lajpat / Okhla),waste_basket,MCD-SouthEast,800,Organic/Wet,79.1,6.22,3.54,11.71,8.4,3.4,0.774,0.291,0.139,0.447,2
BIN_0299,28.553883,77.23569,South-East (Lajpat / Okhla),waste_basket,MCD-SouthEast,300,Recyclable/Dry,43.5,2.92,2.91,21.48,77.2,19.3,0.408,0.843,0.114,0.434,2
BIN_0300,28.553644,77.235683,South-East (Lajpat / Okhla),waste_basket,MCD-SouthEast,500,Organic/Wet,68.1,3.21,2.93,12.16,11.7,9.9,0.59,0.317,0.115,0.367,2
BIN_0301,28.560507,77.193757,South (Saket / Hauz Khas),waste_disposal,MCD-South,2000,Mixed Municipal,52.9,5.42,1.75,14.48,35.2,8.7,0.562,0.484,0.069,0.413,1
BIN_0302,28.590778,77.227897,South-East (Lajpat / Okhla),waste_basket,MCD-SouthEast,300,Organic/Wet,52.0,5.99,3.15,11.26,8.6,8.0,0.576,0.283,0.124,0.348,2
BIN_0303,28.63239,77.221257,Central / NDMC,waste_basket,NDMC,300,Recyclable/Dry,77.7,3.59,7.33,18.94,87.3,6.2,0.671,0.839,0.288,0.53,0
BIN_0304,28.633695,77.220765,Central / NDMC,waste_basket,NDMC,300,Organic/Wet,40.0,3.0,7.47,11.35,13.2,20.0,0.386,0.307,0.293,0.227,0
BIN_0305,28.633893,77.220711,Central / NDMC,waste_basket,NDMC,800,Organic/Wet,16.7,5.92,7.49,11.27,6.2,14.1,0.327,0.271,0.294,0.186,0
BIN_0306,28.633711,77.220914,Central / NDMC,waste_basket,NDMC,500,Recyclable/Dry,36.3,2.23,7.47,19.72,82.1,28.6,0.333,0.83,0.293,0.357,0
BIN_0307,28.633761,77.220873,Central / NDMC,waste_basket,NDMC,500,Mixed Municipal,20.2,2.9,7.48,14.52,27.6,27.5,0.244,0.447,0.294,0.197,0
BIN_0308,28.647066,77.314792,Shahdara South (Mayur Vihar),waste_basket,MCD-ShahdaraSouth,300,Organic/Wet,34.8,4.04,13.55,11.18,8.8,16.1,0.387,0.282,0.532,0.172,11
BIN_0309,28.604919,77.228898,Central / NDMC,waste_basket,NDMC,800,Organic/Wet,93.2,4.34,4.58,11.52,13.3,1.6,0.806,0.312,0.18,0.461,0
BIN_0310,28.604914,77.228902,Central / NDMC,waste_basket,NDMC,1000,Recyclable/Dry,62.7,4.47,4.58,22.87,77.7,8.3,0.597,0.875,0.18,0.525,0
BIN_0311,28.633509,77.220621,Central / NDMC,waste_basket,NDMC,500,Organic/Wet,67.1,4.62,7.45,11.5,9.0,7.1,0.633,0.29,0.293,0.345,0
BIN_0312,28.633382,77.218684,Central / NDMC,waste_basket,NDMC,500,Recyclable/Dry,83.0,2.53,7.41,22.11,72.5,6.7,0.671,0.833,0.291,0.527,0
BIN_0313,28.632917,77.218494,Central / NDMC,waste_basket,NDMC,300,Organic/Wet,62.6,5.87,7.35,10.81,7.2,6.4,0.646,0.266,0.289,0.345,0
BIN_0314,28.63387,77.219808,Central / NDMC,waste_basket,NDMC,800,Recyclable/Dry,26.6,3.52,7.47,20.9,75.6,20.9,0.311,0.823,0.293,0.344,0
BIN_0315,28.633372,77.220726,Central / NDMC,waste_basket,NDMC,800,Recyclable/Dry,70.3,4.06,7.43,20.09,87.2,7.3,0.636,0.863,0.292,0.519,0
BIN_0316,28.631805,77.220162,Central / NDMC,waste_basket,NDMC,300,Organic/Wet,79.5,3.24,7.25,11.51,7.3,6.3,0.671,0.281,0.285,0.363,0
BIN_0317,28.633764,77.219189,Central / NDMC,waste_basket,NDMC,300,Recyclable/Dry,85.7,2.69,7.46,23.18,85.8,5.3,0.695,0.922,0.293,0.566,0
BIN_0318,28.633091,77.218582,Central / NDMC,waste_basket,NDMC,300,Organic/Wet,61.8,4.16,7.37,11.71,8.6,9.2,0.58,0.292,0.289,0.32,0
BIN_0319,28.630829,77.215975,Central / NDMC,waste_basket,NDMC,300,Organic/Wet,39.7,4.86,7.1,11.47,12.5,12.4,0.45,0.307,0.279,0.261,0
BIN_0320,28.550824,77.234428,South-East (Lajpat / Okhla),waste_basket,MCD-SouthEast,300,Organic/Wet,29.8,3.8,3.0,10.65,12.8,18.5,0.343,0.291,0.118,0.235,2
BIN_0321,28.549083,77.251798,South-East (Lajpat / Okhla),recycling,MCD-SouthEast,1000,Recyclable/Dry,34.0,4.08,4.55,21.96,85.5,16.2,0.383,0.895,0.179,0.424,2
BIN_0322,28.601325,77.227057,Central / NDMC,waste_basket,NDMC,300,Organic/Wet,75.1,5.54,4.14,10.85,11.6,4.5,0.722,0.289,0.163,0.415,0
BIN_0323,28.582928,77.243495,South-East (Lajpat / Okhla),waste_basket,MCD-SouthEast,500,Organic/Wet,55.0,4.58,3.71,11.81,8.5,9.8,0.547,0.294,0.146,0.333,2
BIN_0324,28.582636,77.243502,South-East (Lajpat / Okhla),waste_basket,MCD-SouthEast,300,Organic/Wet,49.7,3.4,3.69,12.43,7.5,14.8,0.468,0.302,0.145,0.296,2
BIN_0325,28.582883,77.243497,South-East (Lajpat / Okhla),waste_basket,MCD-SouthEast,500,Recyclable/Dry,41.9,3.55,3.71,21.9,73.4,16.4,0.419,0.833,0.146,0.43,2
BIN_0326,28.594899,77.122395,West (Janakpuri / Rajouri),waste_basket,MCD-West,500,Recyclable/Dry,45.8,2.11,9.09,19.49,71.2,25.7,0.395,0.771,0.357,0.357,4
BIN_0327,28.569034,77.249185,South-East (Lajpat / Okhla),waste_basket,MCD-SouthEast,300,Recyclable/Dry,25.6,2.37,3.83,21.0,74.8,31.4,0.263,0.821,0.15,0.348,2
BIN_0328,28.571056,77.240339,South-East (Lajpat / Okhla),waste_basket,MCD-SouthEast,800,Organic/Wet,86.3,4.84,2.99,11.8,13.1,2.8,0.776,0.317,0.117,0.459,2
BIN_0329,28.571164,77.240402,South-East (Lajpat / Okhla),waste_basket,MCD-SouthEast,300,Mixed Municipal,93.3,4.15,3.0,13.33,21.5,1.6,0.8,0.391,0.118,0.494,2
BIN_0330,28.568643,77.249675,South-East (Lajpat / Okhla),waste_basket,MCD-SouthEast,500,Organic/Wet,79.8,3.76,3.88,11.06,14.3,5.4,0.692,0.307,0.152,0.407,2
BIN_0331,28.549589,77.244737,South-East (Lajpat / Okhla),waste_basket,MCD-SouthEast,500,Organic/Wet,88.8,3.68,3.92,11.27,9.5,3.0,0.752,0.287,0.154,0.431,2
BIN_0332,28.550285,77.246028,South-East (Lajpat / Okhla),waste_basket,MCD-SouthEast,500,Mixed Municipal,19.0,3.61,3.99,13.26,34.8,22.4,0.261,0.456,0.157,0.236,2
BIN_0333,28.550213,77.245129,South-East (Lajpat / Okhla),waste_basket,MCD-SouthEast,300,Recyclable/Dry,18.0,2.26,3.92,21.8,84.4,36.3,0.206,0.886,0.154,0.338,2
BIN_0334,28.549724,77.245111,South-East (Lajpat / Okhla),waste_basket,MCD-SouthEast,500,Organic/Wet,93.2,5.91,3.94,11.42,14.9,1.2,0.862,0.317,0.155,0.495,2
BIN_0335,28.550977,77.24642,South-East (Lajpat / Okhla),waste_basket,MCD-SouthEast,500,Organic/Wet,20.7,5.49,3.99,11.32,10.5,14.4,0.339,0.293,0.157,0.226,2
BIN_0336,28.550033,77.245456,South-East (Lajpat / Okhla),waste_basket,MCD-SouthEast,300,Organic/Wet,33.9,5.35,3.95,11.53,14.0,12.4,0.427,0.315,0.155,0.277,2
BIN_0337,28.550056,77.24557,South-East (Lajpat / Okhla),waste_basket,MCD-SouthEast,800,Recyclable/Dry,20.7,2.65,3.96,18.55,74.6,29.9,0.239,0.768,0.155,0.319,2
BIN_0338,28.5516,77.246583,South-East (Lajpat / Okhla),waste_basket,MCD-SouthEast,800,Organic/Wet,54.4,3.38,3.97,12.29,8.2,13.5,0.501,0.302,0.156,0.31,2
BIN_0339,28.548475,77.192922,South (Saket / Hauz Khas),waste_basket,MCD-South,300,Organic/Wet,28.0,4.85,2.67,12.34,10.2,14.8,0.368,0.314,0.105,0.257,1
BIN_0340,28.593975,77.12189,West (Janakpuri / Rajouri),waste_basket,MCD-West,300,Organic/Wet,60.7,4.13,9.1,11.7,6.0,9.5,0.571,0.279,0.357,0.298,4
BIN_0341,28.595618,77.122729,West (Janakpuri / Rajouri),waste_basket,MCD-West,300,Organic/Wet,56.2,5.03,9.09,11.05,14.3,8.7,0.572,0.307,0.357,0.306,4
BIN_0342,28.596101,77.122988,West (Janakpuri / Rajouri),waste_basket,MCD-West,300,Mixed Municipal,36.4,4.7,9.08,14.68,24.8,13.5,0.421,0.436,0.356,0.27,4
BIN_0343,28.59654,77.123204,West (Janakpuri / Rajouri),waste_basket,MCD-West,500,Recyclable/Dry,61.3,3.87,9.08,19.61,87.6,10.0,0.566,0.855,0.356,0.468,4
BIN_0344,28.596857,77.123562,West (Janakpuri / Rajouri),waste_basket,MCD-West,300,Organic/Wet,59.8,3.81,9.06,11.14,12.5,10.6,0.554,0.3,0.356,0.295,4
BIN_0345,28.695741,77.213248,North / Civil Lines,waste_basket,MCD-North,500,Organic/Wet,55.5,5.9,14.3,11.87,5.9,7.5,0.597,0.282,0.561,0.271,6
BIN_0346,28.69382,77.218532,North / Civil Lines,waste_basket,MCD-North,300,Organic/Wet,65.8,5.23,14.1,11.33,12.6,6.5,0.646,0.304,0.554,0.303,6
BIN_0347,28.623344,77.20162,Central / NDMC,waste_basket,NDMC,300,Organic/Wet,51.0,5.63,6.3,10.69,10.8,8.7,0.556,0.281,0.247,0.313,0
BIN_0348,28.592779,77.255844,South-East (Lajpat / Okhla),recycling,MCD-SouthEast,1000,Recyclable/Dry,76.6,4.53,5.3,19.3,84.5,5.2,0.697,0.833,0.208,0.557,2
BIN_0349,28.643598,77.201073,Karol Bagh / Patel Nagar,waste_basket,MCD-KarolBagh,800,Organic/Wet,40.8,4.97,8.54,10.89,13.8,11.9,0.462,0.301,0.335,0.254,5
BIN_0350,28.632744,77.22313,Central / NDMC,waste_basket,NDMC,500,Recyclable/Dry,59.7,2.94,7.4,21.57,82.4,13.7,0.522,0.871,0.291,0.464,0
BIN_0351,28.644797,77.198525,Karol Bagh / Patel Nagar,waste_basket,MCD-KarolBagh,500,Recyclable/Dry,77.2,2.03,8.7,22.7,85.0,11.2,0.612,0.908,0.342,0.51,5
BIN_0352,28.619588,77.206075,Central / NDMC,waste_basket,NDMC,500,Recyclable/Dry,56.7,3.18,5.84,22.28,85.2,13.6,0.51,0.9,0.229,0.479,0
BIN_0353,28.621221,77.205269,Central / NDMC,waste_basket,NDMC,300,Organic/Wet,26.4,3.65,6.02,11.79,12.8,20.2,0.314,0.315,0.236,0.204,0
BIN_0354,28.633077,77.215845,Central / NDMC,waste_basket,NDMC,500,Organic/Wet,30.0,3.5,7.35,10.86,5.3,20.0,0.334,0.258,0.289,0.187,0
BIN_0355,28.610055,77.199345,Central / NDMC,waste_basket,NDMC,300,Organic/Wet,23.6,5.17,4.88,12.25,10.1,14.8,0.348,0.311,0.192,0.229,0
BIN_0356,28.573487,77.263478,South-East (Lajpat / Okhla),waste_basket,MCD-SouthEast,300,Recyclable/Dry,65.0,3.5,5.27,18.76,78.8,10.0,0.579,0.793,0.207,0.486,2
BIN_0357,28.572634,77.263289,South-East (Lajpat / Okhla),waste_basket,MCD-SouthEast,300,Organic/Wet,76.9,5.09,5.24,11.77,6.5,4.5,0.719,0.283,0.206,0.403,2
BIN_0358,28.684151,77.210538,North / Civil Lines,waste_basket,MCD-North,800,Organic/Wet,25.2,4.12,13.0,12.15,10.2,18.2,0.322,0.31,0.51,0.152,6
BIN_0359,28.683591,77.211249,North / Civil Lines,waste_basket,MCD-North,500,Organic/Wet,78.6,5.4,12.94,11.24,5.6,4.0,0.741,0.267,0.508,0.349,6
BIN_0360,28.665023,77.133332,Keshavpuram / Shalimar,waste_basket,MCD-Keshavpuram,500,Organic/Wet,29.8,4.49,13.2,10.85,11.4,15.6,0.368,0.288,0.518,0.167,8
BIN_0361,28.667227,77.136029,Keshavpuram / Shalimar,waste_basket,MCD-Keshavpuram,500,Mixed Municipal,31.8,4.88,13.26,14.87,31.1,14.0,0.395,0.472,0.521,0.235,8
BIN_0362,28.666385,77.135454,Keshavpuram / Shalimar,waste_basket,MCD-Keshavpuram,500,Mixed Municipal,63.7,3.96,13.21,13.41,30.5,9.2,0.586,0.438,0.519,0.321,8
BIN_0363,28.684903,77.210183,North / Civil Lines,waste_basket,MCD-North,500,Mixed Municipal,33.7,4.63,13.09,14.96,20.8,14.3,0.4,0.422,0.514,0.224,6
BIN_0364,28.684802,77.210751,North / Civil Lines,waste_basket,MCD-North,300,Organic/Wet,73.6,5.81,13.08,11.46,9.4,4.5,0.721,0.291,0.514,0.345,6
BIN_0365,28.684747,77.210729,North / Civil Lines,waste_basket,MCD-North,500,Organic/Wet,15.6,5.34,13.07,12.31,14.1,15.8,0.298,0.332,0.513,0.146,6
BIN_0366,28.632594,77.222057,Central / NDMC,waste_basket,NDMC,300,Organic/Wet,54.2,5.77,7.37,10.76,9.0,7.9,0.584,0.274,0.289,0.316,0
BIN_0367,28.684527,77.211629,North / Civil Lines,waste_basket,MCD-North,300,Organic/Wet,37.9,3.83,13.05,10.59,5.4,16.2,0.401,0.252,0.512,0.174,6
BIN_0368,28.684166,77.209775,North / Civil Lines,waste_basket,MCD-North,500,Mixed Municipal,37.3,4.61,13.01,13.93,26.4,13.6,0.424,0.428,0.511,0.239,6
BIN_0369,28.68395,77.210606,North / Civil Lines,waste_basket,MCD-North,300,Mixed Municipal,43.7,3.9,12.98,13.12,29.3,14.4,0.444,0.426,0.51,0.248,6
BIN_0370,28.683678,77.211734,North / Civil Lines,waste_basket,MCD-North,300,Recyclable/Dry,60.5,3.83,12.95,18.93,74.3,10.3,0.559,0.774,0.508,0.41,6
BIN_0371,28.597757,77.146319,Central / NDMC,waste_basket,NDMC,300,Mixed Municipal,66.8,4.47,7.09,13.98,32.4,7.4,0.626,0.459,0.278,0.395,0
BIN_0372,28.683926,77.211105,North / Civil Lines,waste_basket,MCD-North,500,Mixed Municipal,43.1,2.98,12.98,13.36,30.9,19.1,0.407,0.439,0.51,0.233,6
BIN_0373,28.592516,77.164048,Central / NDMC,waste_basket,NDMC,300,Mixed Municipal,74.8,2.56,5.3,15.42,22.7,9.8,0.614,0.442,0.208,0.398,0
BIN_0374,28.592344,77.163798,Central / NDMC,waste_basket,NDMC,300,Organic/Wet,33.9,5.94,5.31,11.87,10.5,11.1,0.448,0.305,0.208,0.274,0
BIN_0375,28.591603,77.16549,Central / NDMC,waste_basket,NDMC,300,Recyclable/Dry,33.8,3.53,5.12,22.46,79.9,18.8,0.362,0.877,0.201,0.404,0
BIN_0376,28.591562,77.165343,Central / NDMC,waste_basket,NDMC,500,Organic/Wet,23.1,3.65,5.13,10.78,11.6,21.1,0.291,0.287,0.201,0.191,0
BIN_0377,28.591674,77.164975,Central / NDMC,waste_basket,NDMC,800,Organic/Wet,24.3,5.36,5.17,12.0,7.9,14.1,0.36,0.295,0.203,0.228,0
BIN_0378,28.591727,77.16484,Central / NDMC,waste_basket,NDMC,300,Mixed Municipal,87.4,3.35,5.18,14.98,27.5,3.8,0.73,0.456,0.203,0.461,0
BIN_0379,28.592341,77.164209,Central / NDMC,waste_basket,NDMC,500,Recyclable/Dry,69.7,2.32,5.27,22.27,70.3,13.1,0.57,0.825,0.207,0.491,0
BIN_0380,28.591786,77.165422,Central / NDMC,waste_basket,NDMC,300,Organic/Wet,61.3,5.25,5.14,12.39,10.6,7.4,0.615,0.317,0.202,0.362,0
BIN_0381,28.592143,77.164694,Central / NDMC,waste_basket,NDMC,500,Organic/Wet,81.3,4.17,5.22,11.19,7.8,4.5,0.717,0.277,0.205,0.401,0
BIN_0382,28.591649,77.165142,Central / NDMC,waste_basket,NDMC,300,Organic/Wet,31.2,4.32,5.16,11.29,5.9,15.9,0.371,0.27,0.203,0.226,0
BIN_0383,28.591182,77.163933,Central / NDMC,waste_basket,NDMC,300,Organic/Wet,40.9,3.83,5.23,11.21,12.6,15.4,0.422,0.302,0.205,0.26,0
BIN_0384,28.59247,77.164434,Central / NDMC,waste_basket,NDMC,500,Organic/Wet,61.3,4.34,5.26,12.29,10.2,8.9,0.583,0.312,0.207,0.344,0
BIN_0385,28.592006,77.164457,Central / NDMC,waste_basket,NDMC,300,Recyclable/Dry,57.1,2.42,5.23,20.32,86.1,17.7,0.485,0.863,0.205,0.46,0
BIN_0386,28.591808,77.164337,Central / NDMC,waste_basket,NDMC,500,Organic/Wet,41.0,5.46,5.23,11.23,12.3,10.8,0.48,0.3,0.205,0.289,0
BIN_0387,28.569478,77.239337,South-East (Lajpat / Okhla),waste_basket,MCD-SouthEast,500,Mixed Municipal,41.5,4.35,2.88,15.14,21.8,13.4,0.445,0.431,0.113,0.329,2
BIN_0388,28.591108,77.120418,West (Janakpuri / Rajouri),waste_disposal,MCD-West,1500,Mixed Municipal,67.7,7.17,9.14,14.04,39.8,4.5,0.728,0.498,0.359,0.441,4
BIN_0389,28.592119,77.121173,West (Janakpuri / Rajouri),waste_basket,MCD-West,300,Mixed Municipal,61.5,2.53,9.11,14.07,22.4,15.2,0.52,0.411,0.358,0.312,4
BIN_0390,28.630764,77.223409,Central / NDMC,waste_basket,NDMC,500,Recyclable/Dry,30.6,3.83,7.19,22.95,71.4,18.1,0.35,0.845,0.282,0.372,0
BIN_0391,28.629826,77.225231,Central / NDMC,waste_basket,NDMC,800,Recyclable/Dry,54.1,2.79,7.12,21.2,82.8,16.5,0.478,0.865,0.28,0.442,0
BIN_0392,28.631027,77.223516,Central / NDMC,waste_basket,NDMC,500,Organic/Wet,42.8,5.48,7.22,11.22,9.9,10.4,0.494,0.288,0.283,0.277,0
BIN_0393,28.629245,77.225608,Central / NDMC,waste_basket,NDMC,300,Recyclable/Dry,26.8,2.6,7.07,22.63,71.8,28.2,0.28,0.84,0.278,0.336,0
BIN_0394,28.629351,77.225315,Central / NDMC,waste_basket,NDMC,300,Organic/Wet,44.2,4.86,7.07,12.0,11.5,11.5,0.482,0.313,0.278,0.279,0
BIN_0395,28.550067,77.235375,South-East (Lajpat / Okhla),waste_basket,MCD-SouthEast,500,Organic/Wet,71.1,3.38,3.13,12.46,11.3,8.6,0.617,0.322,0.123,0.381,2
BIN_0396,28.597469,77.140444,West (Janakpuri / Rajouri),waste_basket,MCD-West,300,Recyclable/Dry,33.9,4.14,7.58,18.85,73.1,16.0,0.384,0.767,0.298,0.362,4
BIN_0397,28.598069,77.140751,West (Janakpuri / Rajouri),waste_basket,MCD-West,500,Organic/Wet,40.3,4.54,7.58,11.79,11.9,13.1,0.443,0.31,0.298,0.255,4
BIN_0398,28.597403,77.141634,West (Janakpuri / Rajouri),waste_basket,MCD-West,300,Organic/Wet,87.3,5.81,7.47,11.11,11.5,2.2,0.817,0.294,0.293,0.438,4
BIN_0399,28.597529,77.140808,West (Janakpuri / Rajouri),waste_basket,MCD-West,500,Recyclable/Dry,70.7,4.27,7.55,21.82,74.7,6.9,0.646,0.838,0.296,0.515,4
BIN_0400,28.597277,77.140593,West (Janakpuri / Rajouri),waste_basket,MCD-West,500,Organic/Wet,60.4,5.59,7.56,11.39,9.6,7.1,0.621,0.29,0.297,0.338,4
BIN_0401,28.596864,77.140208,West (Janakpuri / Rajouri),waste_basket,MCD-West,300,Mixed Municipal,76.4,2.61,7.57,13.28,26.3,9.0,0.627,0.414,0.297,0.378,4
BIN_0402,28.596751,77.140663,West (Janakpuri / Rajouri),waste_basket,MCD-West,800,Organic/Wet,77.6,5.73,7.53,12.22,7.9,3.9,0.746,0.3,0.296,0.404,4
BIN_0403,28.597979,77.141122,West (Janakpuri / Rajouri),waste_basket,MCD-West,500,Organic/Wet,83.8,3.91,7.55,12.43,12.3,4.1,0.725,0.326,0.296,0.401,4
BIN_0404,28.596749,77.140451,West (Janakpuri / Rajouri),waste_basket,MCD-West,300,Mixed Municipal,23.0,3.85,7.54,13.28,30.6,20.0,0.297,0.436,0.296,0.22,4
BIN_0405,28.621956,77.195088,Central / NDMC,waste_basket,NDMC,300,Organic/Wet,39.7,4.8,6.26,11.44,8.0,12.6,0.448,0.283,0.246,0.26,0
BIN_0406,28.622243,77.195396,Central / NDMC,waste_basket,NDMC,300,Recyclable/Dry,70.4,4.13,6.28,18.74,86.3,7.2,0.639,0.83,0.247,0.519,0
BIN_0407,28.623761,77.197329,Central / NDMC,waste_basket,NDMC,500,Mixed Municipal,80.9,3.1,6.41,13.46,21.2,6.2,0.676,0.392,0.252,0.405,0
BIN_0408,28.623344,77.197036,Central / NDMC,waste_basket,NDMC,300,Recyclable/Dry,20.3,3.3,6.37,23.48,85.4,24.2,0.259,0.927,0.25,0.357,0
BIN_0409,28.624312,77.196183,Central / NDMC,waste_basket,NDMC,500,Recyclable/Dry,70.5,4.27,6.49,19.07,71.7,6.9,0.645,0.764,0.255,0.501,0
BIN_0410,28.624181,77.196565,Central / NDMC,waste_basket,NDMC,500,Mixed Municipal,41.3,3.58,6.47,14.43,27.8,16.4,0.416,0.446,0.254,0.291,0
BIN_0411,28.622989,77.196961,Central / NDMC,waste_basket,NDMC,300,Recyclable/Dry,65.4,3.11,6.33,21.51,86.1,11.1,0.568,0.888,0.249,0.501,0
BIN_0412,28.623655,77.197086,Central / NDMC,waste_basket,NDMC,500,Recyclable/Dry,23.7,3.28,6.4,22.01,74.3,23.3,0.282,0.84,0.251,0.343,0
BIN_0413,28.623728,77.196068,Central / NDMC,waste_basket,NDMC,300,Organic/Wet,76.7,4.8,6.43,11.8,14.5,4.9,0.707,0.324,0.252,0.4,0
BIN_0414,28.623861,77.196786,Central / NDMC,waste_basket,NDMC,500,Recyclable/Dry,54.2,2.9,6.43,18.85,74.6,15.8,0.482,0.774,0.252,0.423,0
BIN_0415,28.624464,77.19694,Central / NDMC,waste_basket,NDMC,300,Organic/Wet,55.0,3.99,6.49,11.05,14.7,11.3,0.526,0.309,0.255,0.305,0
BIN_0416,28.623877,77.19551,Central / NDMC,waste_basket,NDMC,300,Recyclable/Dry,15.5,3.29,6.46,19.9,73.7,25.7,0.225,0.792,0.254,0.299,0
BIN_0417,28.623948,77.197333,Central / NDMC,waste_basket,NDMC,300,Organic/Wet,81.6,4.02,6.43,10.57,6.1,4.6,0.714,0.255,0.252,0.383,0
BIN_0418,28.623937,77.195918,Central / NDMC,waste_basket,NDMC,500,Recyclable/Dry,22.2,2.99,6.46,19.97,86.8,26.0,0.261,0.859,0.254,0.338,0
BIN_0419,28.624016,77.19764,Central / NDMC,waste_basket,NDMC,500,Organic/Wet,56.0,5.62,6.43,11.19,10.1,7.8,0.591,0.289,0.252,0.332,0
BIN_0420,28.595812,77.123038,West (Janakpuri / Rajouri),waste_basket,MCD-West,500,Mixed Municipal,50.0,3.49,9.07,13.33,24.1,14.3,0.474,0.404,0.356,0.287,4
BIN_0421,28.595546,77.122878,West (Janakpuri / Rajouri),waste_basket,MCD-West,300,Mixed Municipal,83.4,3.27,9.07,14.79,29.1,5.1,0.7,0.46,0.356,0.417,4
BIN_0422,28.624452,77.233799,Central / NDMC,waste_basket,NDMC,800,Recyclable/Dry,36.4,2.13,6.78,18.51,81.5,29.9,0.33,0.801,0.266,0.352,0
BIN_0423,28.593169,77.121724,West (Janakpuri / Rajouri),waste_basket,MCD-West,300,Recyclable/Dry,52.9,2.96,9.09,21.93,72.1,15.9,0.475,0.827,0.357,0.414,4
BIN_0424,28.491946,77.118944,South (Saket / Hauz Khas),waste_basket,MCD-South,300,Organic/Wet,21.7,3.21,12.21,11.34,12.5,24.4,0.266,0.304,0.479,0.128,1
BIN_0425,28.484188,77.116169,South (Saket / Hauz Khas),waste_basket,MCD-South,300,Mixed Municipal,64.3,3.4,13.01,14.67,30.2,10.5,0.571,0.463,0.511,0.322,1
BIN_0426,28.486763,77.113846,South (Saket / Hauz Khas),waste_basket,MCD-South,300,Recyclable/Dry,75.1,4.18,12.97,23.07,81.0,6.0,0.674,0.896,0.509,0.504,1
BIN_0427,28.486812,77.116364,South (Saket / Hauz Khas),waste_basket,MCD-South,300,Mixed Municipal,16.0,2.86,12.79,13.17,28.0,29.4,0.213,0.42,0.502,0.132,1
BIN_0428,28.485498,77.113585,South (Saket / Hauz Khas),waste_basket,MCD-South,300,Organic/Wet,25.2,3.13,13.09,11.47,10.8,23.9,0.287,0.298,0.514,0.13,1
BIN_0429,28.482749,77.112475,South (Saket / Hauz Khas),waste_basket,MCD-South,500,Organic/Wet,72.5,5.54,13.38,11.96,11.5,5.0,0.704,0.312,0.525,0.34,1
BIN_0430,28.48779,77.113967,South (Saket / Hauz Khas),waste_basket,MCD-South,300,Recyclable/Dry,52.1,3.97,12.88,19.88,75.5,12.1,0.505,0.8,0.506,0.392,1
BIN_0431,28.486126,77.114364,South (Saket / Hauz Khas),waste_basket,MCD-South,500,Recyclable/Dry,41.5,3.08,12.98,22.79,86.5,19.0,0.4,0.917,0.51,0.373,1
BIN_0432,28.489185,77.114145,South (Saket / Hauz Khas),waste_basket,MCD-South,500,Organic/Wet,46.1,5.07,12.77,11.7,12.1,10.6,0.502,0.309,0.501,0.244,1
BIN_0433,28.59263,77.121201,West (Janakpuri / Rajouri),waste_basket,MCD-West,300,Organic/Wet,27.8,4.04,9.12,10.79,13.9,17.9,0.338,0.299,0.358,0.187,4
BIN_0434,28.592346,77.121118,West (Janakpuri / Rajouri),waste_basket,MCD-West,300,Recyclable/Dry,49.0,2.18,9.12,21.68,76.1,23.4,0.42,0.842,0.358,0.391,4
BIN_0435,28.596507,77.133787,West (Janakpuri / Rajouri),waste_basket,MCD-West,300,Recyclable/Dry,97.0,2.54,8.12,21.53,76.6,1.2,0.769,0.841,0.319,0.573,4
BIN_0436,28.596491,77.134127,West (Janakpuri / Rajouri),waste_basket,MCD-West,500,Recyclable/Dry,57.0,2.07,8.09,19.2,78.7,20.8,0.472,0.802,0.318,0.413,4
BIN_0437,28.596476,77.134613,West (Janakpuri / Rajouri),waste_basket,MCD-West,800,Organic/Wet,28.3,4.16,8.05,10.58,5.3,17.2,0.345,0.252,0.316,0.185,4
BIN_0438,28.596475,77.134589,West (Janakpuri / Rajouri),waste_basket,MCD-West,300,Recyclable/Dry,24.6,4.25,8.05,20.79,75.2,17.7,0.323,0.818,0.316,0.344,4
BIN_0439,28.596511,77.133335,West (Janakpuri / Rajouri),waste_basket,MCD-West,800,Organic/Wet,96.7,5.48,8.16,12.28,11.0,0.6,0.871,0.316,0.32,0.466,4
BIN_0440,28.596476,77.134802,West (Janakpuri / Rajouri),waste_basket,MCD-West,300,Mixed Municipal,59.9,3.35,8.03,13.97,25.8,12.0,0.538,0.426,0.315,0.334,4
BIN_0441,28.596494,77.132558,West (Janakpuri / Rajouri),waste_basket,MCD-West,300,Recyclable/Dry,51.6,4.08,8.23,21.21,83.7,11.9,0.506,0.87,0.323,0.449,4
BIN_0442,28.596493,77.13264,West (Janakpuri / Rajouri),waste_basket,MCD-West,300,Organic/Wet,37.4,4.03,8.23,10.89,5.6,15.5,0.405,0.26,0.323,0.216,4
BIN_0443,28.596086,77.132025,West (Janakpuri / Rajouri),waste_basket,MCD-West,800,Recyclable/Dry,51.9,2.35,8.26,20.24,80.4,20.5,0.447,0.833,0.324,0.408,4
BIN_0444,28.593362,77.120804,West (Janakpuri / Rajouri),recycling,MCD-West,1000,Recyclable/Dry,97.5,3.5,9.18,21.63,83.3,0.7,0.806,0.877,0.36,0.594,4
BIN_0445,28.59703,77.123308,West (Janakpuri / Rajouri),waste_basket,MCD-West,800,Recyclable/Dry,47.8,2.5,9.09,21.35,81.2,20.9,0.423,0.86,0.357,0.398,4
BIN_0446,28.627377,77.275611,Shahdara South (Mayur Vihar),waste_basket,MCD-ShahdaraSouth,300,Organic/Wet,90.5,5.89,9.26,11.59,7.3,1.6,0.842,0.283,0.364,0.433,11
BIN_0447,28.627597,77.274729,Shahdara South (Mayur Vihar),waste_basket,MCD-ShahdaraSouth,500,Recyclable/Dry,25.4,3.98,9.22,22.85,72.4,18.7,0.319,0.848,0.362,0.341,11
BIN_0448,28.627181,77.275242,Shahdara South (Mayur Vihar),waste_basket,MCD-ShahdaraSouth,500,Organic/Wet,53.4,3.45,9.22,12.25,14.4,13.5,0.496,0.333,0.362,0.275,11
BIN_0449,28.627218,77.275466,Shahdara South (Mayur Vihar),waste_basket,MCD-ShahdaraSouth,800,Organic/Wet,63.9,6.09,9.24,12.46,9.8,5.9,0.663,0.314,0.363,0.353,11
BIN_0450,28.627368,77.275609,Shahdara South (Mayur Vihar),waste_basket,MCD-ShahdaraSouth,800,Organic/Wet,78.2,4.11,9.26,11.25,7.9,5.3,0.693,0.279,0.364,0.357,11
BIN_0451,28.55283,77.252143,South-East (Lajpat / Okhla),waste_basket,MCD-SouthEast,300,Recyclable/Dry,96.4,4.16,4.42,20.96,80.4,0.9,0.822,0.848,0.174,0.631,2
BIN_0452,28.552912,77.252149,South-East (Lajpat / Okhla),waste_basket,MCD-SouthEast,300,Recyclable/Dry,31.6,4.39,4.41,22.32,80.3,15.6,0.377,0.876,0.173,0.417,2
BIN_0453,28.596833,77.132435,West (Janakpuri / Rajouri),waste_basket,MCD-West,300,Mixed Municipal,20.2,4.73,8.26,14.1,32.7,16.9,0.309,0.464,0.324,0.229,4
BIN_0454,28.598678,77.124267,West (Janakpuri / Rajouri),waste_basket,MCD-West,800,Organic/Wet,16.6,5.78,9.07,11.52,11.3,14.4,0.321,0.302,0.356,0.18,4
BIN_0455,28.607437,77.130642,West (Janakpuri / Rajouri),waste_basket,MCD-West,500,Recyclable/Dry,39.8,2.34,8.95,22.11,82.5,25.7,0.361,0.883,0.351,0.375,4
BIN_0456,28.607404,77.130906,West (Janakpuri / Rajouri),waste_basket,MCD-West,300,Recyclable/Dry,15.7,4.39,8.92,19.89,73.8,19.2,0.265,0.792,0.35,0.3,4
BIN_0457,28.607465,77.1311,West (Janakpuri / Rajouri),waste_basket,MCD-West,800,Recyclable/Dry,76.2,2.04,8.91,22.64,75.3,11.7,0.606,0.858,0.35,0.49,4
BIN_0458,28.607611,77.130948,West (Janakpuri / Rajouri),waste_basket,MCD-West,500,Recyclable/Dry,69.7,3.92,8.93,19.21,83.6,7.7,0.627,0.827,0.351,0.491,4
BIN_0459,28.596306,77.123311,West (Janakpuri / Rajouri),waste_basket,MCD-West,500,Recyclable/Dry,21.4,3.22,9.06,21.57,71.6,24.4,0.264,0.817,0.356,0.306,4
BIN_0460,28.596001,77.123106,West (Janakpuri / Rajouri),waste_basket,MCD-West,300,Organic/Wet,82.1,3.33,9.07,10.63,8.5,5.4,0.693,0.269,0.356,0.356,4
BIN_0461,28.627781,77.235519,City / Chandni Chowk,waste_basket,MCD-CitySP,800,Organic/Wet,21.4,3.9,7.18,12.41,10.2,20.2,0.288,0.315,0.282,0.182,9
BIN_0462,28.539773,77.156641,South (Saket / Hauz Khas),waste_basket,MCD-South,500,Recyclable/Dry,48.4,2.18,6.04,22.04,70.9,23.7,0.416,0.823,0.237,0.408,1
BIN_0463,28.558253,77.172146,South (Saket / Hauz Khas),waste_basket,MCD-South,300,Organic/Wet,48.6,5.79,3.83,11.06,13.0,8.9,0.545,0.3,0.15,0.333,1
BIN_0464,28.62671,77.232999,Central / NDMC,waste_basket,NDMC,800,Organic/Wet,96.3,4.92,6.99,11.45,7.3,0.8,0.848,0.28,0.274,0.453,0
BIN_0465,28.625462,77.21445,Central / NDMC,waste_basket,NDMC,500,Organic/Wet,56.8,5.67,6.49,11.8,6.2,7.6,0.598,0.282,0.255,0.333,0
BIN_0466,28.62539,77.214413,Central / NDMC,waste_basket,NDMC,300,Recyclable/Dry,35.1,3.71,6.48,21.62,71.3,17.5,0.377,0.816,0.254,0.383,0
BIN_0467,28.543229,77.198549,South (Saket / Hauz Khas),waste_basket,MCD-South,500,Recyclable/Dry,26.9,3.3,2.89,22.52,79.9,22.2,0.305,0.879,0.113,0.393,1
BIN_0468,28.543459,77.19797,South (Saket / Hauz Khas),waste_basket,MCD-South,500,Organic/Wet,67.3,3.4,2.89,11.49,7.8,9.6,0.592,0.283,0.113,0.358,1
BIN_0469,28.542818,77.199033,South (Saket / Hauz Khas),waste_basket,MCD-South,300,Recyclable/Dry,18.9,3.28,2.92,20.09,70.0,24.7,0.248,0.777,0.115,0.335,1
BIN_0470,28.542927,77.198951,South (Saket / Hauz Khas),waste_basket,MCD-South,300,Recyclable/Dry,35.5,2.01,2.91,18.81,85.1,32.1,0.32,0.826,0.114,0.385,1
BIN_0471,28.54368,77.199448,South (Saket / Hauz Khas),waste_basket,MCD-South,500,Organic/Wet,84.9,3.81,2.81,10.7,8.6,4.0,0.729,0.271,0.11,0.424,1
BIN_0472,28.593427,77.121664,West (Janakpuri / Rajouri),waste_basket,MCD-West,300,Recyclable/Dry,46.3,4.27,9.11,22.96,77.8,12.6,0.475,0.878,0.358,0.429,4
BIN_0473,28.622279,77.19493,Central / NDMC,waste_basket,NDMC,800,Organic/Wet,67.5,4.16,6.3,11.87,9.9,7.8,0.62,0.302,0.247,0.351,0
BIN_0474,28.622359,77.195092,Central / NDMC,waste_basket,NDMC,500,Organic/Wet,95.2,5.0,6.3,10.83,12.1,1.0,0.843,0.291,0.247,0.46,0
BIN_0475,28.622481,77.194791,Central / NDMC,waste_basket,NDMC,500,Mixed Municipal,79.9,2.76,6.32,14.76,24.5,7.3,0.657,0.437,0.248,0.41,0
BIN_0476,28.542063,77.245688,South-East (Lajpat / Okhla),waste_disposal,MCD-SouthEast,1500,Mixed Municipal,56.5,8.33,4.47,13.12,30.4,5.2,0.691,0.431,0.176,0.44,2
BIN_0477,28.595589,77.069347,South-West (Dwarka),waste_basket,MCD-SouthWest,300,Organic/Wet,19.3,4.11,14.09,10.92,8.7,19.6,0.281,0.276,0.553,0.112,3
BIN_0478,28.595752,77.068913,South-West (Dwarka),waste_basket,MCD-SouthWest,500,Organic/Wet,69.6,3.64,14.14,12.14,13.5,8.4,0.616,0.326,0.555,0.295,3
BIN_0479,28.595713,77.069017,South-West (Dwarka),waste_basket,MCD-SouthWest,500,Mixed Municipal,39.5,4.02,14.13,13.54,30.2,15.0,0.419,0.439,0.555,0.23,3
BIN_0480,28.595697,77.069063,South-West (Dwarka),waste_basket,MCD-SouthWest,300,Recyclable/Dry,47.8,3.61,14.12,22.19,75.7,14.5,0.462,0.851,0.554,0.376,3
BIN_0481,28.666727,77.305577,Shahdara North,waste_basket,MCD-ShahdaraNorth,500,Organic/Wet,19.8,4.1,14.47,12.28,7.9,19.6,0.284,0.301,0.568,0.119,10
BIN_0482,28.669611,77.307379,Shahdara North,waste_disposal,MCD-ShahdaraNorth,2000,Mixed Municipal,72.1,4.9,14.83,14.96,33.2,5.7,0.678,0.484,0.582,0.368,10
BIN_0483,28.66954,77.304088,Shahdara North,waste_disposal,MCD-ShahdaraNorth,1500,Mixed Municipal,25.3,4.58,14.62,13.95,30.1,16.3,0.339,0.447,0.574,0.189,10
BIN_0484,28.669822,77.310543,Shahdara North,waste_basket,MCD-ShahdaraNorth,300,Organic/Wet,15.8,4.79,15.05,11.31,10.3,17.6,0.28,0.292,0.591,0.11,10
BIN_0485,28.669872,77.309498,Shahdara North,waste_basket,MCD-ShahdaraNorth,500,Mixed Municipal,79.2,3.28,14.99,14.3,30.2,6.3,0.671,0.455,0.589,0.354,10
BIN_0486,28.666314,77.307593,Shahdara North,waste_basket,MCD-ShahdaraNorth,500,Recyclable/Dry,78.9,2.04,14.57,23.38,72.3,10.3,0.625,0.859,0.572,0.456,10
BIN_0487,28.665892,77.311167,Shahdara North,waste_basket,MCD-ShahdaraNorth,500,Organic/Wet,79.2,3.88,14.76,11.03,5.2,5.4,0.692,0.261,0.58,0.308,10
BIN_0488,28.6669,77.31241,Shahdara North,waste_disposal,MCD-ShahdaraNorth,2000,Mixed Municipal,62.2,6.78,14.93,13.56,34.6,5.6,0.676,0.462,0.586,0.359,10
BIN_0489,28.596832,77.133122,West (Janakpuri / Rajouri),waste_basket,MCD-West,500,Recyclable/Dry,83.9,3.37,8.2,22.9,82.2,4.8,0.707,0.898,0.322,0.558,4
BIN_0490,28.596836,77.132789,West (Janakpuri / Rajouri),waste_basket,MCD-West,500,Organic/Wet,73.9,5.7,8.23,10.91,6.5,4.6,0.719,0.265,0.323,0.374,4
BIN_0491,28.645469,77.203675,Karol Bagh / Patel Nagar,waste_basket,MCD-KarolBagh,800,Recyclable/Dry,63.3,3.68,8.72,20.87,71.1,10.0,0.573,0.8,0.342,0.458,5
BIN_0492,28.645966,77.204063,Karol Bagh / Patel Nagar,waste_basket,MCD-KarolBagh,800,Organic/Wet,61.6,4.93,8.78,11.56,11.5,7.8,0.606,0.303,0.345,0.325,5
BIN_0493,28.592062,77.161752,Central / NDMC,waste_basket,NDMC,500,Organic/Wet,85.3,5.69,5.46,11.95,11.2,2.6,0.799,0.31,0.214,0.45,0
BIN_0494,28.591893,77.16134,Central / NDMC,waste_basket,NDMC,300,Organic/Wet,28.6,5.72,5.49,12.46,10.3,12.5,0.403,0.317,0.216,0.253,0
BIN_0495,28.576529,77.195934,South (Saket / Hauz Khas),waste_basket,MCD-South,500,Recyclable/Dry,59.7,3.81,1.72,23.24,76.1,10.6,0.553,0.875,0.068,0.525,1
BIN_0496,28.593265,77.16286,Central / NDMC,waste_basket,NDMC,300,Recyclable/Dry,34.1,3.24,5.44,21.95,86.8,20.3,0.353,0.901,0.214,0.404,0
BIN_0497,28.593093,77.162944,Central / NDMC,waste_basket,NDMC,300,Organic/Wet,93.8,4.06,5.42,11.1,12.6,1.5,0.8,0.299,0.213,0.447,0
BIN_0498,28.633062,77.214475,Central / NDMC,waste_basket,NDMC,800,Recyclable/Dry,30.0,3.37,7.34,23.14,83.7,20.8,0.329,0.911,0.288,0.38,0
BIN_0499,28.524838,77.237182,South (Saket / Hauz Khas),waste_disposal,MCD-South,2500,Mixed Municipal,32.4,6.28,5.41,13.11,27.5,10.8,0.449,0.416,0.212,0.307,1
BIN_0500,28.64025,77.207094,Central / NDMC,waste_basket,NDMC,300,Recyclable/Dry,35.1,4.13,8.13,23.41,84.3,15.7,0.392,0.92,0.319,0.408,0
BIN_0501,28.640212,77.207165,Central / NDMC,waste_basket,NDMC,800,Organic/Wet,96.4,5.14,8.12,12.4,14.9,0.7,0.857,0.338,0.319,0.466,0
BIN_0502,28.631866,77.286464,Shahdara South (Mayur Vihar),waste_basket,MCD-ShahdaraSouth,500,Organic/Wet,66.7,3.22,10.36,11.37,10.9,10.3,0.581,0.296,0.407,0.298,11
BIN_0503,28.631616,77.286886,Shahdara South (Mayur Vihar),waste_basket,MCD-ShahdaraSouth,800,Organic/Wet,94.7,5.83,10.38,12.09,14.1,0.9,0.869,0.328,0.408,0.452,11
BIN_0504,28.631572,77.286488,Shahdara South (Mayur Vihar),waste_basket,MCD-ShahdaraSouth,500,Mixed Municipal,74.6,3.69,10.34,14.89,22.4,6.9,0.653,0.429,0.406,0.374,11
BIN_0505,28.631253,77.286475,Shahdara South (Mayur Vihar),waste_basket,MCD-ShahdaraSouth,300,Recyclable/Dry,79.0,3.41,10.32,21.83,72.9,6.2,0.674,0.829,0.405,0.505,11
BIN_0506,28.631428,77.286785,Shahdara South (Mayur Vihar),waste_basket,MCD-ShahdaraSouth,500,Organic/Wet,34.0,5.78,10.35,10.52,8.6,11.4,0.443,0.267,0.406,0.22,11
BIN_0507,28.637183,77.286484,Shahdara South (Mayur Vihar),waste_basket,MCD-ShahdaraSouth,500,Organic/Wet,22.9,5.19,10.78,11.14,13.5,14.9,0.344,0.305,0.423,0.179,11
BIN_0508,28.63719,77.286458,Shahdara South (Mayur Vihar),waste_basket,MCD-ShahdaraSouth,300,Organic/Wet,39.0,3.36,10.78,11.46,11.6,18.2,0.392,0.302,0.423,0.202,11
BIN_0509,28.637631,77.286463,Shahdara South (Mayur Vihar),waste_basket,MCD-ShahdaraSouth,300,Mixed Municipal,45.9,4.4,10.82,15.48,20.7,12.3,0.477,0.433,0.425,0.283,11
BIN_0510,28.637645,77.286531,Shahdara South (Mayur Vihar),waste_basket,MCD-ShahdaraSouth,300,Recyclable/Dry,44.6,3.44,10.82,23.09,87.1,16.1,0.434,0.927,0.425,0.41,11
BIN_0511,28.637309,77.286355,Shahdara South (Mayur Vihar),waste_basket,MCD-ShahdaraSouth,500,Organic/Wet,35.0,4.97,10.79,11.63,8.6,13.1,0.421,0.29,0.424,0.213,11
BIN_0512,28.637371,77.286941,Shahdara South (Mayur Vihar),waste_basket,MCD-ShahdaraSouth,300,Mixed Municipal,18.2,3.05,10.83,13.25,27.6,26.8,0.235,0.42,0.425,0.159,11
BIN_0513,28.637469,77.286802,Shahdara South (Mayur Vihar),waste_basket,MCD-ShahdaraSouth,300,Organic/Wet,63.3,5.85,10.83,12.23,7.8,6.3,0.65,0.299,0.425,0.33,11
BIN_0514,28.637603,77.286564,Shahdara South (Mayur Vihar),waste_basket,MCD-ShahdaraSouth,300,Recyclable/Dry,44.3,2.71,10.82,21.08,83.7,20.6,0.406,0.867,0.425,0.378,11
BIN_0515,28.637557,77.286482,Shahdara South (Mayur Vihar),waste_basket,MCD-ShahdaraSouth,800,Mixed Municipal,54.5,4.45,10.81,15.23,26.3,10.2,0.539,0.456,0.424,0.321,11
BIN_0516,28.637466,77.286919,Shahdara South (Mayur Vihar),waste_basket,MCD-ShahdaraSouth,500,Organic/Wet,86.0,3.99,10.84,11.68,6.9,3.5,0.743,0.283,0.426,0.371,11
BIN_0517,28.637334,77.28653,Shahdara South (Mayur Vihar),waste_basket,MCD-ShahdaraSouth,300,Organic/Wet,49.0,4.52,10.8,10.64,14.4,11.3,0.503,0.298,0.424,0.256,11
BIN_0518,28.63757,77.286453,Shahdara South (Mayur Vihar),waste_basket,MCD-ShahdaraSouth,500,Recyclable/Dry,69.3,3.93,10.81,20.16,82.5,7.8,0.624,0.841,0.424,0.48,11
BIN_0519,28.637616,77.286554,Shahdara South (Mayur Vihar),waste_basket,MCD-ShahdaraSouth,300,Mixed Municipal,18.1,3.56,10.82,14.35,24.2,23.0,0.253,0.426,0.425,0.169,11
BIN_0520,28.637102,77.286946,Shahdara South (Mayur Vihar),waste_basket,MCD-ShahdaraSouth,300,Recyclable/Dry,19.5,3.31,10.81,18.5,77.5,24.3,0.254,0.781,0.424,0.276,11
BIN_0521,28.637234,77.287212,Shahdara South (Mayur Vihar),waste_basket,MCD-ShahdaraSouth,800,Organic/Wet,15.1,3.69,10.84,11.11,8.0,23.0,0.236,0.276,0.426,0.116,11
BIN_0522,28.637075,77.286876,Shahdara South (Mayur Vihar),waste_basket,MCD-ShahdaraSouth,500,Mixed Municipal,85.4,4.35,10.8,13.56,29.9,3.4,0.752,0.438,0.424,0.423,11
BIN_0523,28.636932,77.286583,Shahdara South (Mayur Vihar),waste_basket,MCD-ShahdaraSouth,300,Organic/Wet,30.1,5.45,10.77,11.15,12.1,12.8,0.404,0.298,0.423,0.207,11
BIN_0524,28.637024,77.286185,Shahdara South (Mayur Vihar),waste_basket,MCD-ShahdaraSouth,300,Mixed Municipal,47.6,4.39,10.75,15.02,34.8,11.9,0.489,0.494,0.422,0.308,11
BIN_0525,28.636955,77.286188,Shahdara South (Mayur Vihar),waste_basket,MCD-ShahdaraSouth,500,Recyclable/Dry,28.9,3.77,10.75,18.89,79.8,18.9,0.336,0.801,0.422,0.324,11
BIN_0526,28.63719,77.286462,Shahdara South (Mayur Vihar),waste_basket,MCD-ShahdaraSouth,500,Recyclable/Dry,64.9,2.66,10.78,23.26,70.8,13.2,0.549,0.849,0.423,0.444,11
BIN_0527,28.623281,77.194681,Central / NDMC,waste_basket,NDMC,300,Recyclable/Dry,57.2,3.28,6.41,22.3,71.8,13.0,0.517,0.833,0.252,0.458,0
BIN_0528,28.623619,77.194593,Central / NDMC,waste_basket,NDMC,300,Mixed Municipal,53.3,4.29,6.45,15.07,30.5,10.9,0.525,0.473,0.253,0.354,0
BIN_0529,28.62512,77.19202,Central / NDMC,waste_basket,NDMC,800,Recyclable/Dry,82.0,2.69,6.68,22.14,85.5,6.7,0.669,0.899,0.262,0.552,0
BIN_0530,28.62548,77.191771,Central / NDMC,waste_basket,NDMC,300,Organic/Wet,73.2,5.57,6.72,11.17,14.8,4.8,0.71,0.312,0.264,0.396,0
BIN_0531,28.623923,77.194062,Central / NDMC,waste_basket,NDMC,500,Recyclable/Dry,28.5,2.95,6.5,23.24,78.9,24.2,0.304,0.889,0.255,0.368,0
BIN_0532,28.62377,77.19395,Central / NDMC,waste_basket,NDMC,500,Recyclable/Dry,15.9,4.1,6.48,20.42,70.5,20.5,0.257,0.787,0.254,0.313,0
BIN_0533,28.623609,77.194737,Central / NDMC,waste_basket,NDMC,500,Mixed Municipal,82.8,4.26,6.45,14.09,23.5,4.0,0.73,0.417,0.253,0.44,0
BIN_0534,28.623486,77.195178,Central / NDMC,waste_basket,NDMC,500,Mixed Municipal,86.6,4.3,6.42,13.13,27.6,3.1,0.759,0.417,0.252,0.454,0
BIN_0535,28.624805,77.192156,Central / NDMC,waste_basket,NDMC,300,Recyclable/Dry,86.8,2.33,6.64,21.26,77.1,5.7,0.69,0.838,0.261,0.544,0
BIN_0536,28.624965,77.192271,Central / NDMC,waste_basket,NDMC,300,Organic/Wet,81.1,5.02,6.65,11.08,13.7,3.8,0.746,0.304,0.261,0.412,0
BIN_0537,28.624339,77.19292,Central / NDMC,waste_basket,NDMC,300,Recyclable/Dry,16.0,4.27,6.57,21.36,85.0,19.7,0.263,0.879,0.258,0.344,0
BIN_0538,28.624513,77.193063,Central / NDMC,waste_basket,NDMC,500,Organic/Wet,44.3,3.92,6.58,11.6,7.9,14.2,0.449,0.286,0.258,0.259,0
BIN_0539,28.630638,77.21822,Central / NDMC,waste_basket,NDMC,500,Organic/Wet,80.1,3.21,7.1,11.97,9.0,6.2,0.674,0.3,0.279,0.371,0
BIN_0540,28.631329,77.219408,Central / NDMC,waste_basket,NDMC,300,Organic/Wet,46.0,3.17,7.19,11.87,8.3,17.0,0.434,0.294,0.282,0.249,0
BIN_0541,28.631559,77.219482,Central / NDMC,waste_basket,NDMC,800,Recyclable/Dry,49.7,2.5,7.22,21.86,81.4,20.1,0.436,0.872,0.283,0.423,0
BIN_0542,28.632831,77.221318,Central / NDMC,waste_basket,NDMC,500,Organic/Wet,96.4,4.3,7.38,11.06,7.8,0.8,0.827,0.274,0.29,0.438,0
BIN_0543,28.632591,77.221308,Central / NDMC,waste_basket,NDMC,300,Recyclable/Dry,48.5,2.28,7.35,19.4,87.5,22.6,0.42,0.85,0.289,0.407,0
BIN_0544,28.695045,77.214469,North / Civil Lines,waste_basket,MCD-North,500,Recyclable/Dry,36.9,2.99,14.22,20.61,76.2,21.1,0.364,0.82,0.558,0.316,6
BIN_0545,28.695294,77.213774,North / Civil Lines,waste_basket,MCD-North,300,Organic/Wet,95.4,4.97,14.25,11.04,7.9,0.9,0.844,0.274,0.559,0.392,6
BIN_0546,28.694759,77.215246,North / Civil Lines,waste_basket,MCD-North,500,Organic/Wet,22.6,3.89,14.19,10.65,14.5,19.9,0.296,0.299,0.557,0.126,6
BIN_0547,28.695436,77.213388,North / Civil Lines,waste_basket,MCD-North,500,Recyclable/Dry,95.1,2.04,14.26,21.74,74.8,2.4,0.738,0.837,0.56,0.508,6
BIN_0548,28.695262,77.213855,North / Civil Lines,waste_basket,MCD-North,300,Recyclable/Dry,37.5,2.78,14.24,22.03,81.0,22.5,0.361,0.874,0.559,0.331,6
BIN_0549,28.694934,77.214767,North / Civil Lines,waste_basket,MCD-North,500,Mixed Municipal,93.4,2.89,14.21,15.37,21.6,2.3,0.756,0.435,0.558,0.397,6
BIN_0550,28.628615,77.216892,Central / NDMC,waste_basket,NDMC,500,Mixed Municipal,71.4,4.25,6.86,13.51,28.8,6.7,0.65,0.431,0.269,0.401,0
BIN_0551,28.604558,77.127236,West (Janakpuri / Rajouri),waste_basket,MCD-West,300,Organic/Wet,94.5,4.35,9.09,11.67,7.5,1.3,0.816,0.286,0.357,0.422,4
BIN_0552,28.604532,77.127423,West (Janakpuri / Rajouri),waste_basket,MCD-West,300,Recyclable/Dry,23.5,4.44,9.07,19.44,82.1,17.2,0.322,0.824,0.356,0.337,4
BIN_0553,28.601111,77.125456,West (Janakpuri / Rajouri),waste_basket,MCD-West,300,Organic/Wet,51.0,5.74,9.08,10.69,12.5,8.5,0.56,0.29,0.356,0.296,4
BIN_0554,28.603038,77.126456,West (Janakpuri / Rajouri),waste_basket,MCD-West,300,Organic/Wet,65.9,4.77,9.08,11.95,5.1,7.1,0.63,0.28,0.356,0.328,4
BIN_0555,28.626416,77.212599,Central / NDMC,waste_basket,NDMC,500,Organic/Wet,87.8,3.6,6.59,11.93,5.9,3.4,0.742,0.283,0.259,0.404,0
BIN_0556,28.62685,77.213657,Central / NDMC,waste_basket,NDMC,500,Organic/Wet,35.5,3.81,6.64,11.0,7.1,16.9,0.383,0.27,0.261,0.22,0
BIN_0557,28.626015,77.21174,Central / NDMC,waste_basket,NDMC,300,Organic/Wet,21.7,5.02,6.54,11.97,11.1,15.6,0.33,0.31,0.257,0.207,0
BIN_0558,28.591567,77.125631,West (Janakpuri / Rajouri),waste_basket,MCD-West,800,Recyclable/Dry,60.2,4.33,8.67,22.53,84.8,9.2,0.575,0.903,0.34,0.49,4
BIN_0559,28.596836,77.141175,West (Janakpuri / Rajouri),waste_basket,MCD-West,300,Recyclable/Dry,20.7,3.3,7.48,22.21,83.3,24.0,0.262,0.889,0.294,0.339,4
BIN_0560,28.596463,77.139758,West (Janakpuri / Rajouri),waste_basket,MCD-West,300,Mixed Municipal,45.6,3.17,7.59,14.46,28.1,17.2,0.431,0.448,0.298,0.291,4
BIN_0561,28.596463,77.139704,West (Janakpuri / Rajouri),waste_basket,MCD-West,800,Recyclable/Dry,35.6,3.58,7.6,22.44,78.2,18.0,0.376,0.868,0.298,0.389,4
BIN_0562,28.568711,77.244355,South-East (Lajpat / Okhla),waste_basket,MCD-SouthEast,500,Organic/Wet,20.3,5.81,3.36,11.39,11.5,13.7,0.348,0.3,0.132,0.238,2
BIN_0563,28.622021,77.203843,Central / NDMC,waste_basket,NDMC,500,Organic/Wet,56.7,3.9,6.13,11.39,5.2,11.1,0.535,0.268,0.241,0.3,0
BIN_0564,28.668223,77.226882,North / Civil Lines,waste_basket,MCD-North,300,Organic/Wet,49.0,5.29,11.35,12.35,6.1,9.6,0.53,0.293,0.446,0.264,6
BIN_0565,28.667801,77.225503,North / Civil Lines,waste_basket,MCD-North,500,Organic/Wet,30.4,3.21,11.29,10.82,6.6,21.7,0.326,0.263,0.443,0.154,6
BIN_0566,28.667736,77.226039,North / Civil Lines,waste_basket,MCD-North,500,Mixed Municipal,39.0,2.78,11.29,15.04,30.3,21.9,0.371,0.472,0.443,0.239,6
BIN_0567,28.667844,77.226811,North / Civil Lines,waste_basket,MCD-North,300,Organic/Wet,44.4,4.07,11.31,11.53,10.4,13.7,0.455,0.297,0.444,0.228,6
BIN_0568,28.667406,77.226446,North / Civil Lines,waste_basket,MCD-North,500,Recyclable/Dry,42.1,4.38,11.26,20.04,86.4,13.2,0.45,0.858,0.442,0.394,6
BIN_0569,28.667659,77.226507,North / Civil Lines,waste_basket,MCD-North,300,Recyclable/Dry,47.6,2.26,11.29,23.21,85.8,23.2,0.413,0.923,0.443,0.395,6
BIN_0570,28.66777,77.22579,North / Civil Lines,waste_basket,MCD-North,500,Recyclable/Dry,84.5,3.69,11.29,19.47,85.5,4.2,0.722,0.842,0.443,0.525,6
BIN_0571,28.668,77.226173,North / Civil Lines,waste_basket,MCD-North,800,Recyclable/Dry,70.9,2.4,11.32,20.7,81.0,12.1,0.581,0.845,0.444,0.455,6
BIN_0572,28.68484,77.208979,North / Civil Lines,waste_basket,MCD-North,300,Recyclable/Dry,15.2,2.41,13.08,19.65,72.1,35.2,0.192,0.779,0.514,0.227,6
BIN_0573,28.684827,77.208661,North / Civil Lines,waste_basket,MCD-North,500,Recyclable/Dry,16.6,2.21,13.08,21.07,72.9,37.7,0.194,0.813,0.514,0.238,6
BIN_0574,28.685061,77.208924,North / Civil Lines,waste_basket,MCD-North,300,Mixed Municipal,33.5,2.76,13.11,13.6,25.3,24.1,0.332,0.416,0.515,0.188,6
BIN_0575,28.684949,77.208747,North / Civil Lines,waste_basket,MCD-North,500,Recyclable/Dry,34.4,2.98,13.09,19.73,71.0,22.0,0.346,0.775,0.514,0.303,6
BIN_0576,28.684963,77.208955,North / Civil Lines,waste_basket,MCD-North,300,Mixed Municipal,50.6,3.54,13.1,14.54,28.4,14.0,0.48,0.451,0.514,0.272,6
BIN_0577,28.685052,77.208831,North / Civil Lines,waste_basket,MCD-North,500,Recyclable/Dry,49.2,3.25,13.11,22.01,73.1,15.6,0.46,0.834,0.515,0.377,6
BIN_0578,28.648045,77.315634,Shahdara South (Mayur Vihar),waste_basket,MCD-ShahdaraSouth,800,Recyclable/Dry,24.7,3.51,13.68,21.16,72.1,21.5,0.297,0.811,0.537,0.284,11
BIN_0579,28.648248,77.315851,Shahdara South (Mayur Vihar),waste_basket,MCD-ShahdaraSouth,300,Organic/Wet,89.3,4.18,13.71,11.88,7.1,2.6,0.773,0.288,0.538,0.365,11
BIN_0580,28.647883,77.315476,Shahdara South (Mayur Vihar),waste_basket,MCD-ShahdaraSouth,300,Recyclable/Dry,20.7,3.98,13.66,20.6,70.3,19.9,0.286,0.79,0.536,0.273,11
BIN_0581,28.648987,77.316404,Shahdara South (Mayur Vihar),waste_basket,MCD-ShahdaraSouth,500,Recyclable/Dry,15.8,2.63,13.81,21.64,82.4,32.0,0.204,0.872,0.542,0.255,11
BIN_0582,28.619472,77.240627,Central / NDMC,waste_basket,NDMC,500,Recyclable/Dry,55.3,4.11,6.54,22.68,84.8,10.9,0.533,0.907,0.257,0.487,0
BIN_0583,28.617342,77.240623,Central / NDMC,waste_basket,NDMC,300,Recyclable/Dry,88.3,4.14,6.33,20.76,73.3,2.8,0.765,0.808,0.249,0.575,0
BIN_0584,28.618005,77.2406,Central / NDMC,waste_basket,NDMC,500,Organic/Wet,31.9,5.71,6.39,11.28,13.0,11.9,0.426,0.305,0.251,0.254,0
BIN_0585,28.646663,77.241702,City / Chandni Chowk,waste_transfer_station,MCD-CitySP,2000,Mixed Municipal,85.4,7.47,9.36,14.2,27.7,2.0,0.862,0.441,0.367,0.49,9
BIN_0586,28.624012,77.201639,Central / NDMC,waste_basket,NDMC,500,Mixed Municipal,34.2,4.97,6.37,14.13,27.7,13.2,0.415,0.439,0.25,0.289,0
BIN_0587,28.625838,77.206372,Central / NDMC,waste_basket,NDMC,800,Organic/Wet,65.5,5.19,6.53,11.39,5.7,6.6,0.642,0.271,0.256,0.351,0
BIN_0588,28.589314,77.040988,South-West (Dwarka),waste_basket,MCD-SouthWest,500,Organic/Wet,92.1,4.05,16.69,11.24,5.5,2.0,0.788,0.267,0.655,0.343,3
BIN_0589,28.589116,77.0408,South-West (Dwarka),waste_basket,MCD-SouthWest,300,Recyclable/Dry,22.9,3.58,16.7,22.71,76.7,21.5,0.287,0.867,0.656,0.272,3
BIN_0590,28.590084,77.04109,South-West (Dwarka),waste_basket,MCD-SouthWest,300,Organic/Wet,58.2,4.64,16.69,11.66,9.3,9.0,0.572,0.295,0.655,0.243,3
BIN_0591,28.589902,77.04137,South-West (Dwarka),waste_basket,MCD-SouthWest,300,Recyclable/Dry,74.2,2.52,16.66,22.29,70.3,10.2,0.609,0.826,0.654,0.421,3
BIN_0592,28.589108,77.040399,South-West (Dwarka),waste_basket,MCD-SouthWest,300,Recyclable/Dry,36.4,2.4,16.74,20.23,77.0,26.5,0.34,0.815,0.657,0.283,3
BIN_0593,28.58953,77.040191,South-West (Dwarka),waste_basket,MCD-SouthWest,500,Organic/Wet,77.9,4.62,16.77,12.05,13.5,4.8,0.709,0.324,0.658,0.32,3
BIN_0594,28.590048,77.040603,South-West (Dwarka),waste_basket,MCD-SouthWest,300,Organic/Wet,30.4,4.77,16.74,11.93,8.9,14.6,0.382,0.298,0.657,0.149,3
BIN_0595,28.588892,77.040937,South-West (Dwarka),waste_basket,MCD-SouthWest,500,Mixed Municipal,61.3,4.36,16.68,15.17,30.9,8.9,0.584,0.477,0.655,0.304,3
BIN_0596,28.58916,77.041516,South-West (Dwarka),waste_basket,MCD-SouthWest,500,Organic/Wet,50.8,5.88,16.63,11.39,9.5,8.4,0.564,0.29,0.653,0.238,3
BIN_0597,28.589062,77.040562,South-West (Dwarka),waste_basket,MCD-SouthWest,500,Recyclable/Dry,58.9,2.56,16.72,21.68,83.5,16.1,0.503,0.879,0.656,0.384,3
BIN_0598,28.589552,77.040112,South-West (Dwarka),waste_basket,MCD-SouthWest,500,Organic/Wet,20.2,5.47,16.77,11.06,11.5,14.6,0.335,0.293,0.658,0.124,3
BIN_0599,28.621246,77.206115,Central / NDMC,waste_basket,NDMC,500,Recyclable/Dry,79.2,3.97,6.02,20.81,87.7,5.2,0.695,0.881,0.236,0.565,0
BIN_0600,28.590409,77.041196,South-West (Dwarka),waste_basket,MCD-SouthWest,500,Organic/Wet,49.5,3.79,16.68,10.93,9.6,13.3,0.481,0.281,0.655,0.194,3
BIN_0601,28.589814,77.040376,South-West (Dwarka),waste_basket,MCD-SouthWest,800,Recyclable/Dry,50.6,3.96,16.75,21.65,85.4,12.5,0.494,0.888,0.658,0.382,3
BIN_0602,28.592129,77.041696,South-West (Dwarka),waste_basket,MCD-SouthWest,300,Recyclable/Dry,22.8,3.67,16.67,22.18,77.9,21.0,0.29,0.861,0.654,0.272,3
BIN_0603,28.59048,77.168354,Central / NDMC,waste_basket,NDMC,500,Recyclable/Dry,90.0,4.07,4.82,22.03,87.4,2.5,0.774,0.906,0.189,0.621,0
BIN_0604,28.608688,77.140365,West (Janakpuri / Rajouri),waste_basket,MCD-West,800,Recyclable/Dry,62.4,3.16,8.22,21.87,70.1,11.9,0.549,0.816,0.323,0.455,4
BIN_0605,28.686889,77.211534,North / Civil Lines,waste_basket,MCD-North,300,Organic/Wet,48.7,5.55,13.31,12.42,13.9,9.2,0.537,0.334,0.523,0.264,6
BIN_0606,28.686918,77.211479,North / Civil Lines,waste_basket,MCD-North,300,Organic/Wet,91.1,3.05,13.31,11.12,5.2,2.9,0.746,0.263,0.523,0.347,6
BIN_0607,28.686423,77.211997,North / Civil Lines,waste_basket,MCD-North,500,Organic/Wet,92.9,3.02,13.26,10.77,10.1,2.4,0.757,0.28,0.521,0.358,6
BIN_0608,28.602785,77.227939,Central / NDMC,waste_basket,NDMC,300,Organic/Wet,75.8,4.91,4.33,11.28,5.7,4.9,0.705,0.268,0.17,0.399,0
BIN_0609,28.602791,77.227921,Central / NDMC,waste_basket,NDMC,500,Organic/Wet,46.5,5.61,4.33,11.66,10.7,9.5,0.524,0.302,0.17,0.319,0
BIN_0610,28.658976,77.225205,City / Chandni Chowk,waste_basket,MCD-CitySP,300,Recyclable/Dry,56.0,3.11,10.31,21.67,78.4,14.1,0.502,0.853,0.405,0.426,9
BIN_0611,28.658886,77.225525,City / Chandni Chowk,waste_basket,MCD-CitySP,800,Organic/Wet,84.1,5.85,10.31,12.38,10.0,2.7,0.796,0.313,0.405,0.411,9
BIN_0612,28.656659,77.225165,City / Chandni Chowk,waste_basket,MCD-CitySP,300,Mixed Municipal,19.5,4.08,10.06,13.28,33.9,19.7,0.281,0.452,0.395,0.197,9
BIN_0613,28.723292,77.127598,Rohini / Pitampura,waste_basket,MCD-Rohini,500,Mixed Municipal,82.3,4.37,19.13,13.17,28.3,4.1,0.731,0.422,0.751,0.342,7
BIN_0614,28.723302,77.127612,Rohini / Pitampura,waste_basket,MCD-Rohini,300,Organic/Wet,93.7,4.36,19.13,10.58,10.8,1.4,0.81,0.279,0.751,0.339,7
BIN_0615,28.723407,77.127658,Rohini / Pitampura,waste_basket,MCD-Rohini,300,Recyclable/Dry,52.8,3.13,19.14,18.62,73.1,15.1,0.48,0.762,0.751,0.318,7
BIN_0616,28.723434,77.127351,Rohini / Pitampura,waste_basket,MCD-Rohini,500,Mixed Municipal,63.5,4.7,19.15,14.6,34.3,7.8,0.611,0.482,0.752,0.3,7
BIN_0617,28.723492,77.127292,Rohini / Pitampura,waste_basket,MCD-Rohini,500,Recyclable/Dry,64.3,2.24,19.16,18.89,83.3,15.9,0.529,0.818,0.752,0.36,7
BIN_0618,28.723499,77.127299,Rohini / Pitampura,waste_basket,MCD-Rohini,500,Organic/Wet,35.4,4.85,19.16,10.96,14.2,13.3,0.42,0.304,0.752,0.151,7
BIN_0619,28.737987,77.036176,Rohini / Pitampura,waste_basket,MCD-Rohini,500,Recyclable/Dry,46.2,3.71,25.46,21.01,87.6,14.5,0.455,0.885,1.0,0.293,7
BIN_0620,28.738203,77.036358,Rohini / Pitampura,waste_basket,MCD-Rohini,500,Mixed Municipal,72.4,3.04,25.47,13.31,23.0,9.1,0.614,0.398,1.0,0.227,7
BIN_0621,28.657141,77.126099,West (Janakpuri / Rajouri),waste_basket,MCD-West,500,Recyclable/Dry,43.8,2.32,12.93,23.2,84.0,24.2,0.389,0.914,0.508,0.367,4
BIN_0622,28.65774,77.126765,West (Janakpuri / Rajouri),waste_basket,MCD-West,300,Organic/Wet,60.8,3.92,12.94,11.84,13.9,10.0,0.564,0.321,0.508,0.277,4
BIN_0623,28.656799,77.126362,West (Janakpuri / Rajouri),waste_basket,MCD-West,500,Organic/Wet,93.2,3.17,12.88,10.84,9.7,2.1,0.765,0.279,0.506,0.365,4
BIN_0624,28.657028,77.126481,West (Janakpuri / Rajouri),waste_basket,MCD-West,300,Organic/Wet,24.5,3.5,12.89,11.56,14.9,21.6,0.295,0.32,0.506,0.143,4
BIN_0625,28.657809,77.125509,West (Janakpuri / Rajouri),waste_basket,MCD-West,300,Organic/Wet,16.7,3.66,13.02,10.91,11.3,22.8,0.247,0.289,0.511,0.108,4
BIN_0626,28.65724,77.12582,West (Janakpuri / Rajouri),waste_basket,MCD-West,500,Organic/Wet,29.1,5.93,12.95,11.21,8.0,12.0,0.414,0.279,0.508,0.189,4
BIN_0627,28.658249,77.126399,West (Janakpuri / Rajouri),waste_basket,MCD-West,800,Recyclable/Dry,23.2,2.68,13.0,18.88,87.8,28.7,0.257,0.841,0.51,0.279,4
BIN_0628,28.722577,77.133497,Rohini / Pitampura,waste_basket,MCD-Rohini,500,Recyclable/Dry,79.8,3.2,18.82,21.59,72.8,6.3,0.672,0.823,0.739,0.435,7
BIN_0629,28.722585,77.133487,Rohini / Pitampura,waste_basket,MCD-Rohini,300,Organic/Wet,51.7,5.63,18.82,10.51,6.7,8.6,0.561,0.257,0.739,0.21,7
BIN_0630,28.647113,77.315573,Shahdara South (Mayur Vihar),waste_basket,MCD-ShahdaraSouth,800,Organic/Wet,30.8,4.09,13.61,11.93,7.8,16.9,0.36,0.293,0.534,0.161,11
BIN_0631,28.574075,77.230171,South-East (Lajpat / Okhla),recycling,MCD-SouthEast,1000,Recyclable/Dry,70.1,4.98,2.11,20.24,84.3,6.0,0.667,0.852,0.083,0.573,2
BIN_0632,28.600511,77.223761,Central / NDMC,recycling,NDMC,1000,Recyclable/Dry,61.7,2.82,3.94,19.5,75.8,13.6,0.532,0.794,0.155,0.473,0
BIN_0633,28.600787,77.22406,Central / NDMC,waste_disposal,NDMC,1500,Mixed Municipal,54.1,6.59,3.98,15.35,25.2,7.0,0.612,0.453,0.156,0.411,0
BIN_0634,28.600806,77.224074,Central / NDMC,recycling,NDMC,1000,Recyclable/Dry,69.6,4.22,3.98,21.78,84.5,7.2,0.637,0.886,0.156,0.553,0
BIN_0635,28.600517,77.223767,Central / NDMC,waste_disposal,NDMC,1500,Mixed Municipal,52.7,5.81,3.94,15.15,31.1,8.1,0.575,0.478,0.155,0.4,0
BIN_0636,28.579983,77.186185,Central / NDMC,recycling,NDMC,1000,Recyclable/Dry,94.0,2.99,2.73,22.31,77.1,2.0,0.764,0.86,0.107,0.619,0
BIN_0637,28.631505,77.220371,Central / NDMC,waste_basket,NDMC,300,Recyclable/Dry,34.1,3.61,7.22,21.4,78.8,18.3,0.367,0.849,0.283,0.381,0
BIN_0638,28.644542,77.338507,Shahdara South (Mayur Vihar),waste_basket,MCD-ShahdaraSouth,500,Organic/Wet,30.4,4.71,15.21,11.82,6.4,14.8,0.38,0.283,0.597,0.155,11
BIN_0639,28.618895,77.136173,West (Janakpuri / Rajouri),waste_basket,MCD-West,300,Organic/Wet,92.0,3.86,9.22,10.87,13.3,2.1,0.781,0.298,0.362,0.407,4
BIN_0640,28.623012,77.136674,West (Janakpuri / Rajouri),waste_basket,MCD-West,800,Recyclable/Dry,45.5,3.99,9.47,19.22,76.7,13.7,0.46,0.792,0.372,0.393,4
BIN_0641,28.498775,77.09396,South (Saket / Hauz Khas),waste_basket,MCD-South,300,Recyclable/Dry,70.8,2.44,13.65,22.73,84.3,12.0,0.582,0.905,0.536,0.455,1
BIN_0642,28.499136,77.096274,South (Saket / Hauz Khas),waste_basket,MCD-South,300,Organic/Wet,15.1,3.79,13.44,12.25,7.5,22.4,0.24,0.298,0.528,0.104,1
BIN_0643,28.499041,77.094973,South (Saket / Hauz Khas),waste_basket,MCD-South,800,Recyclable/Dry,53.0,2.38,13.55,21.64,83.5,19.7,0.455,0.878,0.532,0.385,1
BIN_0644,28.556928,77.083336,South-West (Dwarka),waste_basket,MCD-SouthWest,1000,Recyclable/Dry,91.4,3.72,12.42,20.26,76.6,2.3,0.772,0.814,0.488,0.532,3
BIN_0645,28.538977,77.216482,South (Saket / Hauz Khas),waste_disposal,MCD-South,1500,Mixed Municipal,80.2,8.2,3.2,15.36,34.1,2.4,0.852,0.497,0.126,0.55,1
BIN_0646,28.5459,77.214583,South (Saket / Hauz Khas),waste_basket,MCD-South,500,Organic/Wet,78.1,4.85,2.41,12.05,12.0,4.5,0.718,0.316,0.095,0.435,1
BIN_0647,28.546019,77.215097,South (Saket / Hauz Khas),waste_basket,MCD-South,500,Recyclable/Dry,54.5,3.77,2.41,23.18,76.8,12.1,0.515,0.877,0.095,0.502,1
BIN_0648,28.545412,77.214684,South (Saket / Hauz Khas),waste_basket,MCD-South,500,Recyclable/Dry,70.6,2.57,2.47,18.73,81.6,11.4,0.585,0.807,0.097,0.515,1
BIN_0649,28.472177,77.093343,South (Saket / Hauz Khas),waste_basket,MCD-South,500,Recyclable/Dry,85.8,2.7,15.54,19.12,81.3,5.3,0.696,0.813,0.61,0.47,1
BIN_0650,28.472047,77.092866,South (Saket / Hauz Khas),waste_basket,MCD-South,800,Mixed Municipal,42.9,3.04,15.59,14.99,31.3,18.8,0.408,0.475,0.612,0.224,1
BIN_0651,28.471525,77.091522,South (Saket / Hauz Khas),waste_basket,MCD-South,500,Recyclable/Dry,72.7,4.31,15.72,23.07,73.4,6.3,0.662,0.858,0.617,0.465,1
BIN_0652,28.447825,77.099268,South (Saket / Hauz Khas),waste_basket,MCD-South,500,Organic/Wet,32.5,4.95,17.13,10.61,10.7,13.6,0.403,0.279,0.673,0.151,1
BIN_0653,28.494756,77.092478,South (Saket / Hauz Khas),waste_basket,MCD-South,500,Mixed Municipal,41.4,3.41,14.02,15.09,33.9,17.2,0.411,0.491,0.55,0.242,1
BIN_0654,28.49445,77.092747,South (Saket / Hauz Khas),waste_basket,MCD-South,500,Organic/Wet,39.3,4.26,14.02,10.68,7.8,14.2,0.426,0.266,0.55,0.183,1
BIN_0655,28.597682,77.145931,West (Janakpuri / Rajouri),waste_basket,MCD-West,300,Organic/Wet,69.2,4.79,7.12,10.58,11.4,6.4,0.654,0.282,0.28,0.356,4
BIN_0656,28.502525,77.09725,South (Saket / Hauz Khas),waste_basket,MCD-South,300,Organic/Wet,44.1,4.52,13.15,11.74,11.0,12.4,0.469,0.305,0.516,0.223,1
BIN_0657,28.721702,77.117472,Rohini / Pitampura,waste_basket,MCD-Rohini,800,Organic/Wet,43.8,4.63,19.41,11.41,11.8,12.1,0.471,0.302,0.762,0.173,7
BIN_0658,28.721502,77.117674,Rohini / Pitampura,waste_basket,MCD-Rohini,300,Recyclable/Dry,85.5,2.78,19.38,19.89,72.6,5.2,0.697,0.786,0.761,0.432,7
BIN_0659,28.721436,77.117984,Rohini / Pitampura,waste_basket,MCD-Rohini,300,Mixed Municipal,52.6,4.85,19.36,14.35,34.8,9.8,0.54,0.479,0.76,0.262,7
BIN_0660,28.721309,77.118397,Rohini / Pitampura,waste_basket,MCD-Rohini,300,Organic/Wet,43.3,3.82,19.33,10.98,12.1,14.8,0.438,0.294,0.759,0.156,7
BIN_0661,28.72143,77.119432,Rohini / Pitampura,waste_basket,MCD-Rohini,300,Mixed Municipal,90.1,2.65,19.29,13.47,20.1,3.7,0.725,0.387,0.757,0.327,7
BIN_0662,28.667759,77.153421,Keshavpuram / Shalimar,waste_basket,MCD-Keshavpuram,500,Organic/Wet,93.1,3.34,12.47,10.85,7.9,2.1,0.77,0.27,0.49,0.368,8
BIN_0663,28.665771,77.155165,Keshavpuram / Shalimar,waste_basket,MCD-Keshavpuram,500,Organic/Wet,86.1,5.15,12.2,12.23,7.5,2.7,0.785,0.298,0.479,0.386,8
BIN_0664,28.667372,77.153518,Keshavpuram / Shalimar,waste_basket,MCD-Keshavpuram,300,Recyclable/Dry,51.5,2.27,12.43,19.98,75.4,21.4,0.441,0.802,0.488,0.363,8
BIN_0665,28.666863,77.154362,Keshavpuram / Shalimar,waste_basket,MCD-Keshavpuram,500,Mixed Municipal,29.4,4.56,12.34,14.51,32.9,15.5,0.367,0.473,0.484,0.229,8
BIN_0666,28.665813,77.156617,Keshavpuram / Shalimar,waste_basket,MCD-Keshavpuram,500,Organic/Wet,75.9,3.41,12.14,11.86,14.5,7.1,0.652,0.325,0.477,0.328,8
BIN_0667,28.66602,77.15725,Keshavpuram / Shalimar,waste_basket,MCD-Keshavpuram,500,Recyclable/Dry,33.1,2.11,12.13,20.45,76.4,31.7,0.306,0.817,0.476,0.303,8
BIN_0668,28.632852,77.219335,Central / NDMC,waste_basket,NDMC,300,Recyclable/Dry,73.1,3.31,7.36,19.03,85.7,8.1,0.629,0.833,0.289,0.507,0
BIN_0669,28.63231,77.219794,Central / NDMC,waste_basket,NDMC,300,Recyclable/Dry,79.7,2.63,7.3,23.21,71.5,7.7,0.651,0.851,0.287,0.524,0
BIN_0670,28.686182,77.219534,North / Civil Lines,waste_basket,MCD-North,300,Organic/Wet,33.8,4.76,13.26,11.22,5.9,13.9,0.405,0.268,0.521,0.179,6
BIN_0671,28.500061,77.094752,South (Saket / Hauz Khas),waste_basket,MCD-South,800,Recyclable/Dry,33.5,4.16,13.51,22.0,81.1,16.0,0.382,0.874,0.53,0.347,1
BIN_0672,28.625804,77.234216,Central / NDMC,waste_basket,NDMC,800,Recyclable/Dry,50.2,2.62,6.93,22.24,80.1,19.0,0.444,0.874,0.272,0.43,0
BIN_0673,28.691964,77.214191,North / Civil Lines,waste_basket,MCD-North,500,Organic/Wet,24.6,3.43,13.88,12.06,7.4,22.0,0.294,0.294,0.545,0.126,6
BIN_0674,28.690512,77.213428,North / Civil Lines,waste_basket,MCD-North,300,Recyclable/Dry,26.4,3.44,13.72,19.59,87.8,21.4,0.307,0.856,0.539,0.302,6
BIN_0675,28.691376,77.213911,North / Civil Lines,waste_basket,MCD-North,500,Mixed Municipal,80.9,4.74,13.81,14.86,21.1,4.0,0.734,0.422,0.542,0.385,6
BIN_0676,28.69072,77.213533,North / Civil Lines,waste_basket,MCD-North,300,Organic/Wet,44.7,5.5,13.74,11.61,6.6,10.1,0.508,0.28,0.539,0.23,6
BIN_0677,28.687965,77.213625,North / Civil Lines,waste_basket,MCD-North,800,Recyclable/Dry,78.2,3.44,13.43,19.41,72.5,6.3,0.669,0.775,0.527,0.462,6
BIN_0678,28.687987,77.214407,North / Civil Lines,waste_basket,MCD-North,500,Organic/Wet,21.4,5.04,13.44,10.91,5.2,15.6,0.328,0.258,0.528,0.136,6
BIN_0679,28.688149,77.214078,North / Civil Lines,waste_basket,MCD-North,300,Recyclable/Dry,69.3,2.62,13.45,23.19,75.6,11.7,0.578,0.871,0.528,0.445,6
BIN_0680,28.688805,77.209545,North / Civil Lines,waste_basket,MCD-North,500,Organic/Wet,34.8,3.67,13.52,12.36,13.4,17.8,0.374,0.33,0.531,0.18,6
BIN_0681,28.688523,77.209914,North / Civil Lines,waste_basket,MCD-North,500,Recyclable/Dry,34.2,3.62,13.49,18.72,82.5,18.2,0.368,0.811,0.53,0.321,6
BIN_0682,28.689078,77.211439,North / Civil Lines,waste_basket,MCD-North,500,Mixed Municipal,89.6,3.6,13.55,13.12,24.8,2.9,0.755,0.403,0.532,0.392,6
BIN_0683,28.695115,77.212863,North / Civil Lines,waste_basket,MCD-North,800,Organic/Wet,38.1,4.61,14.23,12.0,10.3,13.4,0.43,0.307,0.559,0.195,6
BIN_0684,28.690359,77.213271,North / Civil Lines,waste_basket,MCD-North,300,Organic/Wet,28.0,5.72,13.7,11.61,5.3,12.6,0.399,0.274,0.538,0.174,6
BIN_0685,28.687752,77.213447,North / Civil Lines,waste_basket,MCD-North,300,Recyclable/Dry,95.4,2.79,13.41,22.05,71.7,1.6,0.767,0.828,0.527,0.526,6
BIN_0686,28.591489,77.230932,South-East (Lajpat / Okhla),recycling,MCD-SouthEast,1000,Recyclable/Dry,19.2,4.59,3.39,19.81,80.3,17.6,0.297,0.823,0.133,0.369,2
BIN_0687,28.590104,77.229207,South-East (Lajpat / Okhla),waste_basket,MCD-SouthEast,500,Organic/Wet,41.1,3.27,3.16,11.13,7.9,18.0,0.404,0.276,0.124,0.26,2
BIN_0688,28.573079,77.230491,South-East (Lajpat / Okhla),recycling,MCD-SouthEast,1000,Recyclable/Dry,51.8,3.5,2.11,18.72,88.3,13.8,0.487,0.84,0.083,0.479,2
BIN_0689,28.574769,77.2091,South-East (Lajpat / Okhla),waste_basket,MCD-SouthEast,800,Recyclable/Dry,23.9,2.59,0.85,18.54,87.0,29.4,0.259,0.829,0.033,0.372,2
BIN_0690,28.575435,77.209406,South-East (Lajpat / Okhla),waste_basket,MCD-SouthEast,500,Recyclable/Dry,37.8,3.37,0.92,20.67,74.5,18.5,0.384,0.812,0.036,0.428,2
BIN_0691,28.720955,77.141398,Rohini / Pitampura,waste_basket,MCD-Rohini,800,Organic/Wet,74.2,5.49,18.36,12.27,10.6,4.7,0.714,0.314,0.721,0.307,7
BIN_0692,28.720388,77.141785,Rohini / Pitampura,waste_basket,MCD-Rohini,500,Organic/Wet,83.1,5.57,18.29,10.97,7.1,3.0,0.779,0.269,0.718,0.327,7
BIN_0693,28.720801,77.140981,Rohini / Pitampura,waste_basket,MCD-Rohini,300,Organic/Wet,79.8,4.36,18.36,11.26,11.2,4.6,0.713,0.296,0.721,0.301,7
BIN_0694,28.720805,77.140991,Rohini / Pitampura,waste_basket,MCD-Rohini,800,Organic/Wet,31.4,3.91,18.36,11.42,9.3,17.5,0.358,0.289,0.721,0.122,7
BIN_0695,28.694682,77.214563,North / Civil Lines,waste_disposal,MCD-North,2000,Mixed Municipal,60.4,5.73,14.18,14.56,28.3,6.9,0.626,0.451,0.557,0.337,6
BIN_0696,28.695152,77.214682,North / Civil Lines,waste_basket,MCD-North,300,Organic/Wet,89.5,5.27,14.23,10.84,9.2,2.0,0.813,0.277,0.559,0.378,6
BIN_0697,28.695052,77.214637,North / Civil Lines,waste_basket,MCD-North,300,Organic/Wet,65.0,4.99,14.22,10.7,5.2,7.0,0.632,0.254,0.558,0.28,6
BIN_0698,28.573649,77.207729,South-East (Lajpat / Okhla),waste_basket,MCD-SouthEast,300,Organic/Wet,26.2,5.92,0.75,10.55,13.3,12.5,0.393,0.291,0.029,0.278,2
BIN_0699,28.574707,77.208939,South-East (Lajpat / Okhla),waste_basket,MCD-SouthEast,300,Mixed Municipal,18.3,2.63,0.84,15.32,26.3,31.1,0.221,0.457,0.033,0.241,2
BIN_0700,28.573565,77.210035,South-East (Lajpat / Okhla),waste_basket,MCD-SouthEast,500,Organic/Wet,80.4,3.03,0.71,10.56,10.8,6.5,0.67,0.279,0.028,0.413,2
BIN_0701,28.573699,77.208211,South-East (Lajpat / Okhla),waste_basket,MCD-SouthEast,300,Organic/Wet,60.2,5.92,0.74,11.68,9.0,6.7,0.631,0.294,0.029,0.398,2
BIN_0702,28.542405,77.165023,South (Saket / Hauz Khas),waste_basket,MCD-South,300,Recyclable/Dry,60.6,2.94,5.19,19.86,86.3,13.4,0.528,0.854,0.204,0.48,1
BIN_0703,28.539393,77.164729,South (Saket / Hauz Khas),waste_basket,MCD-South,300,Organic/Wet,33.8,3.67,5.4,12.16,13.1,18.0,0.367,0.324,0.212,0.238,1
BIN_0704,28.537902,77.165051,South (Saket / Hauz Khas),waste_basket,MCD-South,500,Mixed Municipal,87.3,3.34,5.47,13.24,26.8,3.8,0.729,0.416,0.215,0.446,1
BIN_0705,28.541656,77.164633,South (Saket / Hauz Khas),waste_basket,MCD-South,300,Organic/Wet,51.7,4.48,5.26,12.0,5.5,10.8,0.521,0.283,0.207,0.304,1
BIN_0706,28.537719,77.167671,South (Saket / Hauz Khas),waste_basket,MCD-South,300,Organic/Wet,81.9,4.72,5.28,11.56,6.6,3.8,0.74,0.279,0.207,0.412,1
BIN_0707,28.540445,77.164562,South (Saket / Hauz Khas),waste_basket,MCD-South,500,Organic/Wet,48.9,4.08,5.34,10.8,7.7,12.5,0.487,0.268,0.21,0.282,1
BIN_0708,28.540032,77.16463,South (Saket / Hauz Khas),waste_basket,MCD-South,500,Organic/Wet,31.1,5.09,5.36,10.57,8.9,13.5,0.398,0.269,0.21,0.238,1
BIN_0709,28.537914,77.166264,South (Saket / Hauz Khas),waste_basket,MCD-South,500,Organic/Wet,34.1,3.89,5.37,12.27,14.0,16.9,0.376,0.331,0.211,0.245,1
BIN_0710,28.53898,77.164552,South (Saket / Hauz Khas),waste_basket,MCD-South,300,Organic/Wet,83.4,5.02,5.44,11.84,13.3,3.3,0.762,0.318,0.214,0.434,1
BIN_0711,28.538619,77.164434,South (Saket / Hauz Khas),waste_basket,MCD-South,300,Organic/Wet,37.5,5.01,5.47,11.98,8.6,12.5,0.44,0.298,0.215,0.266,1
BIN_0712,28.537845,77.16662,South (Saket / Hauz Khas),waste_basket,MCD-South,300,Mixed Municipal,80.9,4.94,5.35,13.39,34.8,3.9,0.741,0.459,0.21,0.466,1
BIN_0713,28.537756,77.167663,South (Saket / Hauz Khas),waste_basket,MCD-South,500,Recyclable/Dry,66.4,3.17,5.27,22.83,75.2,10.6,0.577,0.862,0.207,0.506,1
BIN_0714,28.537824,77.169189,South (Saket / Hauz Khas),waste_basket,MCD-South,300,Organic/Wet,31.7,5.55,5.15,11.16,10.6,12.3,0.418,0.29,0.202,0.256,1
BIN_0715,28.539237,77.169914,South (Saket / Hauz Khas),waste_basket,MCD-South,800,Recyclable/Dry,16.3,3.95,5.0,22.62,80.0,21.2,0.254,0.881,0.196,0.352,1
BIN_0716,28.540011,77.170247,South (Saket / Hauz Khas),waste_basket,MCD-South,500,Organic/Wet,32.5,3.88,4.92,12.28,14.9,17.4,0.365,0.336,0.193,0.245,1
BIN_0717,28.540551,77.170365,South (Saket / Hauz Khas),waste_basket,MCD-South,500,Organic/Wet,96.3,3.38,4.88,12.23,6.0,1.1,0.794,0.29,0.192,0.446,1
BIN_0718,28.542531,77.170172,South (Saket / Hauz Khas),waste_basket,MCD-South,500,Recyclable/Dry,65.1,3.49,4.76,20.12,82.2,10.0,0.579,0.839,0.187,0.504,1
BIN_0719,28.538429,77.169494,South (Saket / Hauz Khas),waste_basket,MCD-South,500,Recyclable/Dry,33.8,3.92,5.09,20.65,75.0,16.9,0.375,0.814,0.2,0.392,1
BIN_0720,28.543298,77.168461,South (Saket / Hauz Khas),waste_basket,MCD-South,500,Organic/Wet,20.0,3.66,4.85,11.75,12.5,21.9,0.27,0.312,0.19,0.19,1
BIN_0721,28.541534,77.170693,South (Saket / Hauz Khas),waste_basket,MCD-South,300,Recyclable/Dry,43.3,3.84,4.78,22.75,70.8,14.8,0.439,0.838,0.188,0.433,1
BIN_0722,28.542644,77.170123,South (Saket / Hauz Khas),waste_basket,MCD-South,500,Mixed Municipal,21.8,2.53,4.76,13.83,27.0,30.9,0.242,0.429,0.187,0.213,1
BIN_0723,28.631618,77.218697,Central / NDMC,waste_basket,NDMC,300,Organic/Wet,29.5,4.64,7.21,11.76,9.3,15.2,0.371,0.297,0.283,0.218,0
BIN_0724,28.630913,77.218416,Central / NDMC,waste_basket,NDMC,300,Recyclable/Dry,62.9,4.23,7.13,23.33,70.9,8.8,0.59,0.851,0.28,0.494,0
BIN_0725,28.617753,77.280326,Shahdara South (Mayur Vihar),waste_basket,MCD-ShahdaraSouth,500,Recyclable/Dry,43.3,3.5,8.87,18.85,71.6,16.2,0.427,0.759,0.348,0.372,11
BIN_0726,28.633292,77.218137,Central / NDMC,waste_basket,NDMC,800,Organic/Wet,58.6,3.88,7.39,10.79,12.1,10.7,0.548,0.29,0.29,0.303,0
BIN_0727,28.63323,77.218109,Central / NDMC,waste_basket,NDMC,500,Mixed Municipal,93.5,4.2,7.38,14.98,30.1,1.5,0.803,0.469,0.29,0.484,0
BIN_0728,28.633283,77.218158,Central / NDMC,waste_basket,NDMC,300,Organic/Wet,67.6,4.99,7.39,11.04,7.2,6.5,0.65,0.271,0.29,0.348,0
BIN_0729,28.721673,77.175552,Keshavpuram / Shalimar,waste_basket,MCD-Keshavpuram,1000,Recyclable/Dry,41.9,4.32,17.5,21.47,75.3,13.4,0.446,0.833,0.687,0.336,8
BIN_0730,28.721662,77.175563,Keshavpuram / Shalimar,waste_basket,MCD-Keshavpuram,800,Organic/Wet,26.2,4.53,17.5,11.83,10.6,16.3,0.344,0.305,0.687,0.126,8
BIN_0731,28.688473,77.209138,North / Civil Lines,waste_basket,MCD-North,300,Recyclable/Dry,48.4,2.26,13.49,23.09,81.7,22.8,0.419,0.9,0.53,0.373,6
BIN_0732,28.689301,77.208229,North / Civil Lines,waste_basket,MCD-North,500,Recyclable/Dry,44.6,3.78,13.58,19.09,70.0,14.7,0.446,0.756,0.533,0.343,6
BIN_0733,28.689143,77.208863,North / Civil Lines,waste_basket,MCD-North,300,Organic/Wet,62.0,5.87,13.56,11.58,13.5,6.5,0.642,0.314,0.532,0.309,6
BIN_0734,28.689113,77.208645,North / Civil Lines,waste_basket,MCD-North,500,Organic/Wet,47.3,4.82,13.56,11.6,8.8,10.9,0.502,0.291,0.532,0.232,6
BIN_0735,28.689132,77.207944,North / Civil Lines,waste_basket,MCD-North,300,Organic/Wet,96.9,3.53,13.56,11.13,6.0,0.9,0.803,0.267,0.532,0.375,6
BIN_0736,28.689303,77.208535,North / Civil Lines,waste_basket,MCD-North,300,Recyclable/Dry,82.4,3.46,13.58,22.87,87.9,5.1,0.699,0.926,0.533,0.521,6
BIN_0737,28.688918,77.208951,North / Civil Lines,waste_basket,MCD-North,300,Organic/Wet,41.2,5.05,13.53,11.31,11.7,11.6,0.467,0.299,0.531,0.217,6
BIN_0738,28.688671,77.207397,North / Civil Lines,waste_basket,MCD-North,300,Recyclable/Dry,73.2,3.73,13.51,19.14,80.4,7.2,0.645,0.809,0.53,0.459,6
BIN_0739,28.547551,77.1938,South (Saket / Hauz Khas),waste_basket,MCD-South,500,Mixed Municipal,30.5,4.05,2.7,14.25,31.0,17.2,0.357,0.458,0.106,0.295,1
BIN_0740,28.547901,77.192587,South (Saket / Hauz Khas),waste_basket,MCD-South,300,Organic/Wet,31.3,5.55,2.74,11.39,11.2,12.4,0.416,0.298,0.108,0.276,1
BIN_0741,28.547357,77.194419,South (Saket / Hauz Khas),waste_basket,MCD-South,300,Mixed Municipal,59.9,3.96,2.68,13.27,27.2,10.1,0.56,0.418,0.105,0.384,1
BIN_0742,28.549123,77.193288,South (Saket / Hauz Khas),waste_basket,MCD-South,300,Organic/Wet,34.4,4.63,2.59,10.71,10.9,14.2,0.405,0.282,0.102,0.267,1
BIN_0743,28.569769,77.204688,South (Saket / Hauz Khas),waste_basket,MCD-South,500,Recyclable/Dry,35.9,3.72,0.59,18.71,79.0,17.2,0.383,0.793,0.023,0.425,1
BIN_0744,28.592341,77.260452,South-East (Lajpat / Okhla),waste_basket,MCD-SouthEast,300,Recyclable/Dry,75.6,3.46,5.66,22.99,84.6,7.1,0.652,0.912,0.222,0.555,2
BIN_0745,28.593283,77.261857,South-East (Lajpat / Okhla),waste_basket,MCD-SouthEast,300,Recyclable/Dry,61.2,3.75,5.84,20.83,73.4,10.3,0.561,0.81,0.229,0.478,2
BIN_0746,28.593031,77.260862,South-East (Lajpat / Okhla),waste_basket,MCD-SouthEast,300,Mixed Municipal,78.6,2.64,5.74,13.05,24.7,8.1,0.644,0.401,0.225,0.397,2
BIN_0747,28.590953,77.260593,South-East (Lajpat / Okhla),waste_basket,MCD-SouthEast,500,Organic/Wet,52.7,5.27,5.6,11.85,9.0,9.0,0.556,0.297,0.22,0.323,2
BIN_0748,28.565486,77.189202,South (Saket / Hauz Khas),waste_basket,MCD-South,300,Mixed Municipal,95.5,3.96,2.04,13.63,21.8,1.1,0.809,0.399,0.08,0.508,1
BIN_0749,28.565604,77.189219,South (Saket / Hauz Khas),waste_basket,MCD-South,300,Organic/Wet,69.6,3.49,2.04,11.18,10.1,8.7,0.611,0.288,0.08,0.376,1
BIN_0750,28.566616,77.23231,South-East (Lajpat / Okhla),waste_disposal,MCD-SouthEast,1500,Mixed Municipal,87.4,8.26,2.18,13.27,26.7,1.5,0.904,0.416,0.086,0.56,2
BIN_0751,28.633754,77.216926,Central / NDMC,waste_basket,NDMC,500,Mixed Municipal,53.0,4.04,7.43,13.0,29.2,11.6,0.514,0.423,0.292,0.325,0
BIN_0752,28.63373,77.218422,Central / NDMC,waste_basket,NDMC,300,Organic/Wet,31.4,3.41,7.44,11.33,12.3,20.1,0.341,0.303,0.292,0.203,0
BIN_0753,28.689362,77.207352,North / Civil Lines,waste_basket,MCD-North,300,Organic/Wet,39.7,5.6,13.59,11.55,6.1,10.8,0.476,0.276,0.534,0.214,6
BIN_0754,28.480172,77.080204,South-West (Dwarka),waste_basket,MCD-SouthWest,300,Recyclable/Dry,32.8,3.75,15.95,18.69,81.2,17.9,0.362,0.804,0.626,0.297,3
BIN_0755,28.480178,77.080324,South-West (Dwarka),waste_basket,MCD-SouthWest,300,Organic/Wet,39.5,3.76,15.94,10.7,6.2,16.1,0.41,0.259,0.626,0.157,3
BIN_0756,28.697933,77.140748,Keshavpuram / Shalimar,waste_basket,MCD-Keshavpuram,500,Recyclable/Dry,87.9,2.43,16.03,21.46,72.7,5.0,0.701,0.82,0.629,0.471,8
BIN_0757,28.42683,77.066719,South (Saket / Hauz Khas),waste_basket,MCD-South,500,Mixed Municipal,41.5,3.81,20.97,13.93,29.2,15.4,0.425,0.442,0.823,0.181,1
BIN_0758,28.641406,77.2999,Shahdara South (Mayur Vihar),recycling,MCD-ShahdaraSouth,1000,Recyclable/Dry,41.1,3.0,12.05,20.85,83.5,19.6,0.394,0.861,0.473,0.361,11
BIN_0759,28.715809,77.216607,North / Civil Lines,waste_disposal,MCD-North,2000,Mixed Municipal,38.0,7.63,16.54,14.58,37.4,8.1,0.536,0.497,0.649,0.287,6
BIN_0760,28.572023,77.210253,South-East (Lajpat / Okhla),waste_basket,MCD-SouthEast,800,Organic/Wet,74.9,3.53,0.54,12.25,14.7,7.1,0.649,0.334,0.021,0.421,2
BIN_0761,28.57053,77.210821,South-East (Lajpat / Okhla),waste_basket,MCD-SouthEast,300,Organic/Wet,70.8,5.81,0.38,11.53,10.8,5.0,0.701,0.299,0.015,0.438,2
BIN_0762,28.571577,77.210649,South-East (Lajpat / Okhla),waste_basket,MCD-SouthEast,500,Recyclable/Dry,22.1,4.46,0.49,23.25,70.4,17.5,0.313,0.847,0.019,0.406,2
BIN_0763,28.57163,77.171787,South (Saket / Hauz Khas),waste_basket,MCD-South,500,Organic/Wet,46.6,4.93,3.76,10.76,9.4,10.8,0.501,0.276,0.148,0.304,1
BIN_0764,28.571562,77.212077,South-East (Lajpat / Okhla),waste_basket,MCD-SouthEast,300,Recyclable/Dry,51.7,2.54,0.53,23.01,76.9,19.0,0.452,0.874,0.021,0.484,2
BIN_0765,28.570766,77.215067,South-East (Lajpat / Okhla),waste_basket,MCD-SouthEast,300,Recyclable/Dry,81.4,2.88,0.63,22.63,80.6,6.5,0.672,0.884,0.025,0.596,2
BIN_0766,28.572548,77.209886,South-East (Lajpat / Okhla),waste_basket,MCD-SouthEast,500,Recyclable/Dry,49.4,3.5,0.59,21.66,84.1,14.5,0.47,0.881,0.023,0.495,2
BIN_0767,28.569911,77.216397,South-East (Lajpat / Okhla),waste_basket,MCD-SouthEast,800,Recyclable/Dry,62.4,3.56,0.69,21.53,74.0,10.6,0.563,0.828,0.027,0.524,2
BIN_0768,28.571431,77.210229,South-East (Lajpat / Okhla),waste_basket,MCD-SouthEast,300,Organic/Wet,33.8,4.57,0.47,11.71,12.6,14.5,0.398,0.312,0.018,0.289,2
BIN_0769,28.583951,77.22256,South-East (Lajpat / Okhla),waste_basket,MCD-SouthEast,500,Organic/Wet,31.8,3.55,2.23,11.38,6.6,19.2,0.348,0.275,0.088,0.239,2
BIN_0770,28.583719,77.222737,South-East (Lajpat / Okhla),waste_basket,MCD-SouthEast,300,Organic/Wet,46.8,4.45,2.22,11.3,10.1,12.0,0.485,0.291,0.087,0.312,2
BIN_0771,28.58089,77.214739,South-East (Lajpat / Okhla),waste_basket,MCD-SouthEast,500,Organic/Wet,62.6,3.21,1.59,11.51,5.6,11.7,0.552,0.273,0.062,0.345,2
BIN_0772,28.58574,77.214366,Central / NDMC,waste_basket,NDMC,500,Mixed Municipal,23.1,2.62,2.11,14.39,34.4,29.4,0.254,0.478,0.083,0.254,0
BIN_0773,28.585741,77.214466,Central / NDMC,waste_basket,NDMC,300,Organic/Wet,93.5,3.14,2.11,11.58,11.5,2.1,0.766,0.304,0.083,0.457,0
BIN_0774,28.585687,77.218008,South-East (Lajpat / Okhla),waste_basket,MCD-SouthEast,500,Organic/Wet,25.2,3.38,2.2,10.65,6.7,22.1,0.296,0.26,0.086,0.209,2
BIN_0775,28.584204,77.212646,South-East (Lajpat / Okhla),waste_basket,MCD-SouthEast,500,Organic/Wet,93.8,5.05,1.91,11.22,14.9,1.2,0.835,0.313,0.075,0.497,2
BIN_0776,28.529593,77.251323,South-East (Lajpat / Okhla),waste_transfer_station,MCD-SouthEast,2000,Mixed Municipal,70.8,5.64,5.81,15.32,26.4,5.2,0.695,0.458,0.228,0.439,2
BIN_0777,28.688671,77.208838,North / Civil Lines,waste_basket,MCD-North,300,Organic/Wet,69.2,4.24,13.51,11.16,12.7,7.3,0.635,0.301,0.53,0.301,6
BIN_0778,28.689841,77.209541,North / Civil Lines,waste_basket,MCD-North,500,Organic/Wet,60.6,5.9,13.64,12.48,5.4,6.7,0.633,0.293,0.536,0.297,6
BIN_0779,28.689785,77.209932,North / Civil Lines,waste_basket,MCD-North,800,Organic/Wet,66.3,3.15,13.63,11.48,6.7,10.7,0.576,0.278,0.535,0.264,6
BIN_0780,28.631976,77.217368,Central / NDMC,waste_basket,NDMC,300,Recyclable/Dry,51.3,3.95,7.24,19.06,76.0,12.3,0.499,0.786,0.284,0.428,0
BIN_0781,28.667993,77.192331,Karol Bagh / Patel Nagar,waste_disposal,MCD-KarolBagh,2500,Mixed Municipal,35.0,8.47,11.34,13.87,36.7,7.7,0.545,0.479,0.445,0.327,5
BIN_0782,28.560664,77.187813,South (Saket / Hauz Khas),waste_basket,MCD-South,800,Recyclable/Dry,96.2,3.02,2.29,19.62,77.2,1.3,0.78,0.803,0.09,0.613,1
BIN_0783,28.575204,77.250395,South-East (Lajpat / Okhla),waste_basket,MCD-SouthEast,1000,Recyclable/Dry,84.1,3.95,4.04,22.15,82.1,4.0,0.729,0.882,0.159,0.597,2
BIN_0784,28.597196,77.051076,South-West (Dwarka),waste_basket,MCD-SouthWest,800,Organic/Wet,60.5,4.75,15.87,11.88,6.4,8.3,0.592,0.285,0.623,0.257,3
BIN_0785,28.637241,77.041521,West (Janakpuri / Rajouri),recycling,MCD-West,1000,Recyclable/Dry,26.0,3.49,18.2,19.18,86.5,21.2,0.306,0.841,0.715,0.262,4
BIN_0786,28.671921,77.169663,Karol Bagh / Patel Nagar,waste_basket,MCD-KarolBagh,1000,Recyclable/Dry,62.8,3.98,12.29,20.59,81.1,9.3,0.581,0.844,0.483,0.447,5
BIN_0787,28.679849,77.200397,North / Civil Lines,waste_basket,MCD-North,800,Organic/Wet,17.1,5.73,12.56,11.64,7.1,14.5,0.323,0.283,0.493,0.148,6
BIN_0788,28.73247,77.104566,Rohini / Pitampura,waste_basket,MCD-Rohini,1000,Recyclable/Dry,81.1,3.92,21.06,19.81,86.8,4.8,0.707,0.855,0.827,0.445,7
BIN_0789,28.704906,77.187398,Keshavpuram / Shalimar,waste_basket,MCD-Keshavpuram,1000,Recyclable/Dry,64.7,3.55,15.47,19.17,79.4,9.9,0.579,0.805,0.607,0.409,8
BIN_0790,28.622889,77.232452,City / Chandni Chowk,waste_basket,MCD-CitySP,800,Organic/Wet,17.0,5.7,6.57,11.49,7.9,14.6,0.321,0.284,0.258,0.194,9
BIN_0791,28.694008,77.286415,Shahdara North,waste_basket,MCD-ShahdaraNorth,1000,Recyclable/Dry,60.7,4.06,15.95,20.86,76.6,9.7,0.569,0.827,0.626,0.407,10
BIN_0792,28.621391,77.255405,Shahdara South (Mayur Vihar),waste_disposal,MCD-ShahdaraSouth,1500,Mixed Municipal,88.9,6.81,7.48,13.06,37.9,1.6,0.864,0.467,0.294,0.513,11
BIN_0793,28.647696,77.21355,Central / NDMC,waste_basket,NDMC,800,Organic/Wet,30.0,5.22,8.96,12.0,14.1,13.4,0.395,0.326,0.352,0.225,0
BIN_0794,28.511921,77.195111,South (Saket / Hauz Khas),waste_basket,MCD-South,1000,Recyclable/Dry,50.4,3.97,6.32,20.03,84.4,12.5,0.493,0.848,0.248,0.452,1
BIN_0795,28.556824,77.2636,South-East (Lajpat / Okhla),waste_basket,MCD-SouthEast,1000,Recyclable/Dry,38.5,3.03,5.36,19.36,83.8,20.3,0.377,0.831,0.21,0.396,2
BIN_0796,28.610694,77.038868,South-West (Dwarka),waste_basket,MCD-SouthWest,800,Organic/Wet,92.4,5.9,17.39,11.8,11.7,1.3,0.856,0.31,0.683,0.384,3
BIN_0797,28.62809,77.10439,West (Janakpuri / Rajouri),waste_basket,MCD-West,1000,Recyclable/Dry,97.7,4.83,12.33,21.82,86.5,0.5,0.855,0.897,0.484,0.6,4
BIN_0798,28.636799,77.208828,Karol Bagh / Patel Nagar,waste_disposal,MCD-KarolBagh,2500,Mixed Municipal,33.3,5.52,7.74,13.58,38.5,12.1,0.429,0.481,0.304,0.298,5
BIN_0799,28.712147,77.222712,North / Civil Lines,waste_basket,MCD-North,800,Organic/Wet,49.1,4.44,16.17,12.02,12.6,11.5,0.501,0.319,0.635,0.219,6
BIN_0800,28.722796,77.119176,Rohini / Pitampura,waste_basket,MCD-Rohini,1000,Recyclable/Dry,95.1,4.23,19.44,22.41,88.0,1.2,0.816,0.917,0.763,0.53,7
BIN_0801,28.679813,77.155885,Keshavpuram / Shalimar,waste_basket,MCD-Keshavpuram,1000,Recyclable/Dry,56.9,3.02,13.59,22.15,84.8,14.3,0.505,0.895,0.534,0.415,8
BIN_0802,28.640292,77.19827,City / Chandni Chowk,waste_basket,MCD-CitySP,800,Organic/Wet,37.3,4.72,8.21,11.99,7.3,13.3,0.428,0.292,0.322,0.237,9
BIN_0803,28.693347,77.272783,Shahdara North,waste_disposal,MCD-ShahdaraNorth,2500,Mixed Municipal,30.2,7.88,15.31,14.88,38.5,8.9,0.491,0.509,0.601,0.278,10
BIN_0804,28.610844,77.308841,Shahdara South (Mayur Vihar),waste_basket,MCD-ShahdaraSouth,1000,Recyclable/Dry,35.6,2.77,10.8,18.81,83.3,23.2,0.347,0.817,0.424,0.334,11
BIN_0805,28.643754,77.195935,Central / NDMC,waste_disposal,NDMC,2500,Mixed Municipal,37.7,7.64,8.62,15.32,38.1,8.2,0.535,0.516,0.338,0.355,0
BIN_0806,28.517958,77.222495,South (Saket / Hauz Khas),waste_basket,MCD-South,1000,Recyclable/Dry,40.4,3.11,5.61,21.85,78.9,19.2,0.393,0.859,0.22,0.41,1
BIN_0807,28.567485,77.257658,South-East (Lajpat / Okhla),waste_basket,MCD-SouthEast,1000,Recyclable/Dry,87.3,4.86,4.65,21.91,79.0,2.6,0.783,0.861,0.183,0.613,2
BIN_0808,28.60631,77.033322,South-West (Dwarka),waste_disposal,MCD-SouthWest,1500,Mixed Municipal,35.9,7.21,17.79,14.76,36.1,8.9,0.507,0.495,0.698,0.262,3
BIN_0809,28.62873,77.087712,West (Janakpuri / Rajouri),waste_basket,MCD-West,1000,Recyclable/Dry,46.8,4.62,13.76,22.09,83.1,11.5,0.491,0.886,0.54,0.403,4
BIN_0810,28.656483,77.184686,Karol Bagh / Patel Nagar,waste_basket,MCD-KarolBagh,1000,Recyclable/Dry,65.2,3.78,10.23,19.45,87.2,9.2,0.59,0.85,0.402,0.47,5
BIN_0811,28.700531,77.219969,North / Civil Lines,waste_disposal,MCD-North,2500,Mixed Municipal,72.9,7.18,14.86,13.26,37.6,3.8,0.765,0.47,0.583,0.407,6
BIN_0812,28.727483,77.110128,Rohini / Pitampura,waste_disposal,MCD-Rohini,2500,Mixed Municipal,20.9,5.8,20.31,14.53,29.6,13.6,0.352,0.457,0.797,0.154,7
BIN_0813,28.708244,77.154216,Keshavpuram / Shalimar,waste_basket,MCD-Keshavpuram,1000,Recyclable/Dry,26.0,4.66,16.6,21.98,85.7,15.9,0.347,0.896,0.652,0.312,8
BIN_0814,28.651502,77.236557,City / Chandni Chowk,recycling,MCD-CitySP,1000,Recyclable/Dry,36.2,2.64,9.73,23.06,78.8,24.2,0.347,0.885,0.382,0.362,9
BIN_0815,28.665099,77.286144,Shahdara North,waste_basket,MCD-ShahdaraNorth,1000,Recyclable/Dry,49.5,2.8,13.18,20.81,75.6,18.0,0.446,0.821,0.517,0.366,10
BIN_0816,28.610435,77.289097,Shahdara South (Mayur Vihar),waste_basket,MCD-ShahdaraSouth,1000,Recyclable/Dry,53.8,3.83,9.1,20.76,89.8,12.1,0.512,0.891,0.357,0.452,11
BIN_0817,28.647521,77.200218,Central / NDMC,waste_disposal,NDMC,2000,Mixed Municipal,36.3,6.33,8.98,14.62,31.3,10.1,0.478,0.468,0.353,0.309,0
BIN_0818,28.525665,77.236322,South (Saket / Hauz Khas),waste_basket,MCD-South,1000,Recyclable/Dry,91.4,3.59,5.29,21.48,91.9,2.4,0.767,0.917,0.208,0.617,1
BIN_0819,28.560832,77.257131,South-East (Lajpat / Okhla),waste_basket,MCD-SouthEast,1000,Recyclable/Dry,90.9,2.5,4.66,20.59,78.7,3.6,0.725,0.832,0.183,0.575,2
BIN_0820,28.599282,77.058232,South-West (Dwarka),waste_basket,MCD-SouthWest,800,Organic/Wet,92.1,5.67,15.24,10.74,5.7,1.4,0.846,0.257,0.598,0.38,3
BIN_0821,28.614773,77.083133,West (Janakpuri / Rajouri),waste_basket,MCD-West,1000,Recyclable/Dry,74.7,4.05,13.47,20.24,81.4,6.2,0.666,0.838,0.529,0.479,4
BIN_0822,28.649803,77.182532,Karol Bagh / Patel Nagar,waste_disposal,MCD-KarolBagh,1500,Mixed Municipal,87.8,7.76,9.57,14.85,35.3,1.6,0.889,0.492,0.376,0.517,5
BIN_0823,28.691963,77.24288,North / Civil Lines,waste_basket,MCD-North,800,Organic/Wet,41.6,5.92,14.24,11.57,5.4,9.9,0.501,0.273,0.559,0.221,6
BIN_0824,28.688908,77.124459,Rohini / Pitampura,waste_disposal,MCD-Rohini,2000,Mixed Municipal,59.4,5.57,15.9,14.0,37.9,7.3,0.613,0.487,0.624,0.328,7
BIN_0825,28.68837,77.176403,Keshavpuram / Shalimar,recycling,MCD-Keshavpuram,1000,Recyclable/Dry,20.7,4.76,13.87,19.11,75.3,16.7,0.313,0.783,0.545,0.283,8
BIN_0826,28.652334,77.210205,City / Chandni Chowk,waste_basket,MCD-CitySP,800,Organic/Wet,45.2,4.17,9.47,11.36,5.6,13.1,0.464,0.27,0.372,0.239,9
BIN_0827,28.69019,77.283307,Shahdara North,waste_disposal,MCD-ShahdaraNorth,2500,Mixed Municipal,20.0,8.31,15.43,13.83,26.6,9.6,0.434,0.427,0.606,0.224,10
BIN_0828,28.596855,77.281547,Shahdara South (Mayur Vihar),waste_basket,MCD-ShahdaraSouth,1000,Recyclable/Dry,67.7,2.81,7.73,19.32,88.3,11.5,0.573,0.853,0.303,0.482,11
BIN_0829,28.631616,77.229959,Central / NDMC,waste_basket,NDMC,800,Organic/Wet,29.0,6.08,7.42,12.41,7.5,11.7,0.418,0.302,0.291,0.241,0
BIN_0830,28.547948,77.207835,South (Saket / Hauz Khas),recycling,MCD-South,1000,Recyclable/Dry,31.5,4.72,2.15,23.05,88.9,14.5,0.388,0.935,0.084,0.457,1
BIN_0831,28.5528,77.241714,South-East (Lajpat / Okhla),waste_basket,MCD-SouthEast,1000,Recyclable/Dry,72.4,2.9,3.49,20.47,84.3,9.5,0.61,0.857,0.137,0.534,2
BIN_0832,28.584414,77.029836,South-West (Dwarka),waste_basket,MCD-SouthWest,800,Organic/Wet,27.9,5.44,17.7,12.09,12.4,13.3,0.388,0.319,0.695,0.151,3
BIN_0833,28.616853,77.088158,West (Janakpuri / Rajouri),waste_basket,MCD-West,1000,Recyclable/Dry,94.3,3.18,13.11,20.57,75.7,1.8,0.773,0.816,0.515,0.528,4
BIN_0834,28.649388,77.198118,Karol Bagh / Patel Nagar,waste_basket,MCD-KarolBagh,1000,Recyclable/Dry,26.7,4.87,9.21,19.4,81.7,15.1,0.359,0.821,0.362,0.354,5
BIN_0835,28.675402,77.227547,North / Civil Lines,recycling,MCD-North,1000,Recyclable/Dry,67.1,3.36,12.15,20.41,88.2,9.8,0.589,0.875,0.477,0.462,6
BIN_0836,28.708694,77.109842,Rohini / Pitampura,recycling,MCD-Rohini,1000,Recyclable/Dry,82.1,4.06,18.52,23.09,90.1,4.4,0.719,0.942,0.727,0.496,7
BIN_0837,28.691562,77.151491,Keshavpuram / Shalimar,waste_basket,MCD-Keshavpuram,1000,Recyclable/Dry,64.5,2.87,14.96,21.68,81.1,12.4,0.553,0.867,0.587,0.419,8
BIN_0838,28.643954,77.251572,City / Chandni Chowk,waste_basket,MCD-CitySP,800,Organic/Wet,68.4,4.4,9.45,10.89,7.4,7.2,0.635,0.269,0.371,0.324,9
BIN_0839,28.708532,77.299108,Shahdara North,waste_basket,MCD-ShahdaraNorth,1000,Recyclable/Dry,81.5,3.67,17.96,22.62,78.5,5.0,0.7,0.874,0.705,0.471,10
BIN_0840,28.607781,77.315019,Shahdara South (Mayur Vihar),waste_basket,MCD-ShahdaraSouth,1000,Recyclable/Dry,19.6,3.29,11.2,18.63,86.7,24.4,0.254,0.83,0.44,0.288,11
BIN_0841,28.607963,77.217144,Central / NDMC,waste_basket,NDMC,800,Organic/Wet,22.5,4.39,4.59,10.66,6.5,17.7,0.313,0.259,0.18,0.198,0
BIN_0842,28.508481,77.205782,South (Saket / Hauz Khas),waste_basket,MCD-South,1000,Recyclable/Dry,32.1,4.91,6.54,23.13,77.7,13.8,0.399,0.881,0.257,0.412,1
BIN_0843,28.572493,77.289765,South-East (Lajpat / Okhla),waste_disposal,MCD-SouthEast,2000,Mixed Municipal,91.1,5.16,7.81,14.34,27.9,1.7,0.82,0.445,0.307,0.482,2
BIN_0844,28.575639,77.019415,South-West (Dwarka),waste_disposal,MCD-SouthWest,2500,Mixed Municipal,63.1,6.83,18.63,13.01,32.5,5.4,0.684,0.439,0.731,0.327,3
BIN_0845,28.627534,77.080174,West (Janakpuri / Rajouri),waste_basket,MCD-West,1000,Recyclable/Dry,55.5,2.72,14.34,19.58,89.8,16.4,0.485,0.866,0.563,0.389,4
BIN_0846,28.634991,77.20652,Karol Bagh / Patel Nagar,waste_basket,MCD-KarolBagh,1000,Recyclable/Dry,60.9,4.79,7.55,22.65,78.2,8.2,0.596,0.873,0.296,0.501,5
BIN_0847,28.67236,77.1912,North / Civil Lines,waste_basket,MCD-North,800,Organic/Wet,96.8,6.0,11.84,11.95,13.0,0.5,0.89,0.319,0.465,0.448,6
BIN_0848,28.721255,77.139432,Rohini / Pitampura,waste_basket,MCD-Rohini,1000,Recyclable/Dry,52.0,4.36,18.46,21.22,75.7,11.0,0.518,0.83,0.725,0.363,7
BIN_0849,28.714752,77.128378,Keshavpuram / Shalimar,waste_basket,MCD-Keshavpuram,1000,Recyclable/Dry,33.2,4.15,18.24,21.6,83.2,16.1,0.379,0.876,0.716,0.309,8
BIN_0850,28.654045,77.213705,City / Chandni Chowk,waste_basket,MCD-CitySP,800,Organic/Wet,59.1,3.82,9.66,10.55,8.8,10.7,0.549,0.268,0.379,0.279,9
BIN_0851,28.708357,77.257721,Shahdara North,waste_disposal,MCD-ShahdaraNorth,1500,Mixed Municipal,35.9,7.33,16.37,15.24,32.9,8.7,0.511,0.489,0.643,0.274,10
BIN_0852,28.597161,77.297962,Shahdara South (Mayur Vihar),waste_basket,MCD-ShahdaraSouth,1000,Recyclable/Dry,35.1,4.94,9.21,18.5,75.7,13.1,0.421,0.772,0.362,0.37,11
BIN_0853,28.643305,77.214825,Central / NDMC,waste_basket,NDMC,800,Organic/Wet,75.7,5.3,8.48,10.81,12.3,4.6,0.718,0.292,0.333,0.38,0
BIN_0854,28.496493,77.222156,South (Saket / Hauz Khas),waste_basket,MCD-South,1000,Recyclable/Dry,42.2,2.8,7.95,18.84,90.3,20.6,0.395,0.852,0.312,0.391,1
BIN_0855,28.573387,77.282144,South-East (Lajpat / Okhla),waste_basket,MCD-SouthEast,1000,Recyclable/Dry,87.2,3.35,7.08,20.87,89.5,3.8,0.729,0.892,0.278,0.576,2
BIN_0856,28.593555,77.043403,South-West (Dwarka),waste_disposal,MCD-SouthWest,2500,Mixed Municipal,80.5,7.46,16.53,13.69,37.4,2.6,0.828,0.478,0.649,0.428,3
BIN_0857,28.632029,77.053381,West (Janakpuri / Rajouri),waste_disposal,MCD-West,1500,Mixed Municipal,51.1,7.17,16.9,14.4,37.9,6.8,0.612,0.496,0.664,0.322,4
BIN_0858,28.65214,77.204539,Karol Bagh / Patel Nagar,waste_basket,MCD-KarolBagh,1000,Recyclable/Dry,40.1,2.8,9.46,18.76,87.3,21.4,0.38,0.836,0.371,0.366,5
BIN_0859,28.718675,77.245247,North / Civil Lines,waste_basket,MCD-North,800,Organic/Wet,95.5,5.35,17.19,10.83,8.8,0.8,0.858,0.274,0.675,0.376,6
BIN_0860,28.719735,77.119248,Rohini / Pitampura,waste_disposal,MCD-Rohini,2000,Mixed Municipal,17.1,6.45,19.13,13.46,29.9,12.9,0.348,0.436,0.751,0.155,7
BIN_0861,28.686432,77.134272,Keshavpuram / Shalimar,waste_basket,MCD-Keshavpuram,1000,Recyclable/Dry,36.4,4.53,15.18,19.18,87.4,14.0,0.415,0.845,0.596,0.342,8
BIN_0862,28.642275,77.254255,City / Chandni Chowk,waste_basket,MCD-CitySP,800,Organic/Wet,26.4,5.92,9.4,12.21,12.5,12.4,0.394,0.322,0.369,0.22,9
BIN_0863,28.661676,77.269781,Shahdara North,waste_disposal,MCD-ShahdaraNorth,2000,Mixed Municipal,91.4,5.85,12.02,13.09,32.1,1.5,0.847,0.439,0.472,0.461,10
BIN_0864,28.613139,77.295735,Shahdara South (Mayur Vihar),waste_disposal,MCD-ShahdaraSouth,2500,Mixed Municipal,66.0,6.57,9.81,13.21,39.6,5.2,0.695,0.479,0.385,0.414,11
BIN_0865,28.6274,77.177779,Central / NDMC,waste_basket,NDMC,800,Organic/Wet,34.9,6.01,7.4,10.65,6.1,10.8,0.457,0.257,0.291,0.248,0
BIN_0866,28.524739,77.1813,South (Saket / Hauz Khas),waste_disposal,MCD-South,2000,Mixed Municipal,19.4,4.65,5.49,14.44,26.8,17.3,0.3,0.441,0.216,0.24,1
BIN_0867,28.566514,77.249576,South-East (Lajpat / Okhla),waste_disposal,MCD-SouthEast,2000,Mixed Municipal,86.4,6.97,3.87,13.25,30.9,2.0,0.852,0.436,0.152,0.526,2
BIN_0868,28.611453,77.022774,South-West (Dwarka),waste_basket,MCD-SouthWest,800,Organic/Wet,48.6,4.19,18.93,11.73,13.8,12.3,0.489,0.319,0.743,0.191,3
BIN_0869,28.640306,77.135876,West (Janakpuri / Rajouri),waste_basket,MCD-West,1000,Recyclable/Dry,39.1,4.21,10.88,21.09,89.4,14.5,0.423,0.896,0.427,0.395,4
BIN_0870,28.641675,77.175862,Karol Bagh / Patel Nagar,waste_basket,MCD-KarolBagh,1000,Recyclable/Dry,29.3,2.78,8.93,18.98,82.1,25.4,0.304,0.814,0.351,0.326,5
BIN_0871,28.662862,77.225839,North / Civil Lines,waste_basket,MCD-North,800,Organic/Wet,23.5,5.05,10.75,11.13,7.2,15.1,0.343,0.273,0.422,0.169,6
BIN_0872,28.719818,77.11983,Rohini / Pitampura,waste_disposal,MCD-Rohini,2000,Mixed Municipal,71.7,4.82,19.12,13.94,34.0,5.9,0.673,0.467,0.751,0.326,7
BIN_0873,28.696462,77.173776,Keshavpuram / Shalimar,waste_basket,MCD-Keshavpuram,1000,Recyclable/Dry,88.0,3.52,14.8,21.41,88.0,3.4,0.741,0.896,0.581,0.523,8
BIN_0874,28.661849,77.235327,City / Chandni Chowk,waste_basket,MCD-CitySP,800,Organic/Wet,90.4,4.11,10.81,10.76,8.1,2.3,0.778,0.269,0.424,0.385,9
BIN_0875,28.695855,77.304493,Shahdara North,waste_basket,MCD-ShahdaraNorth,1000,Recyclable/Dry,33.7,3.69,17.02,19.42,87.9,18.0,0.367,0.853,0.668,0.305,10
BIN_0876,28.606011,77.302637,Shahdara South (Mayur Vihar),waste_basket,MCD-ShahdaraSouth,1000,Recyclable/Dry,32.4,4.96,10.02,20.84,77.5,13.6,0.402,0.831,0.393,0.372,11
BIN_0877,28.624549,77.199991,Central / NDMC,waste_disposal,NDMC,2500,Mixed Municipal,82.8,6.28,6.45,13.05,25.5,2.7,0.802,0.405,0.253,0.472,0
BIN_0878,28.537294,77.208036,South (Saket / Hauz Khas),waste_basket,MCD-South,1000,Recyclable/Dry,77.4,4.84,3.33,22.65,77.3,4.7,0.713,0.868,0.131,0.591,1
BIN_0879,28.570206,77.267513,South-East (Lajpat / Okhla),waste_basket,MCD-SouthEast,1000,Recyclable/Dry,73.2,3.33,5.63,23.19,79.7,8.0,0.63,0.892,0.221,0.539,2
BIN_0880,28.601032,77.035382,South-West (Dwarka),waste_disposal,MCD-SouthWest,1500,Mixed Municipal,94.2,5.31,17.46,14.0,28.6,1.1,0.847,0.441,0.686,0.419,3
BIN_0881,28.614612,77.055632,West (Janakpuri / Rajouri),waste_basket,MCD-West,1000,Recyclable/Dry,76.5,4.63,15.97,21.64,85.9,5.1,0.699,0.89,0.627,0.491,4
BIN_0882,28.682312,77.200982,Karol Bagh / Patel Nagar,waste_basket,MCD-KarolBagh,1000,Recyclable/Dry,35.1,2.83,12.83,21.47,83.3,22.9,0.346,0.873,0.504,0.334,5
BIN_0883,28.687783,77.21894,North / Civil Lines,waste_basket,MCD-North,800,Organic/Wet,24.8,5.49,13.44,11.08,8.7,13.7,0.368,0.279,0.528,0.162,6
BIN_0884,28.741345,77.130146,Rohini / Pitampura,waste_basket,MCD-Rohini,1000,Recyclable/Dry,38.4,2.69,20.87,20.19,88.5,22.9,0.364,0.872,0.819,0.28,7
BIN_0885,28.671575,77.170675,Keshavpuram / Shalimar,recycling,MCD-Keshavpuram,1000,Recyclable/Dry,77.3,3.77,12.22,19.16,88.6,6.0,0.675,0.851,0.48,0.497,8
BIN_0886,28.652853,77.194976,City / Chandni Chowk,waste_disposal,MCD-CitySP,1500,Mixed Municipal,86.7,7.69,9.64,14.79,33.7,1.7,0.879,0.483,0.378,0.509,9
BIN_0887,28.661616,77.236847,Shahdara North,waste_basket,MCD-ShahdaraNorth,1000,Recyclable/Dry,86.6,2.71,10.82,23.33,86.9,4.9,0.702,0.931,0.425,0.545,10
BIN_0888,28.601213,77.299979,Shahdara South (Mayur Vihar),waste_basket,MCD-ShahdaraSouth,1000,Recyclable/Dry,83.6,3.01,9.57,20.59,89.9,5.4,0.692,0.888,0.376,0.537,11
BIN_0889,28.619153,77.208015,Central / NDMC,recycling,NDMC,1000,Recyclable/Dry,86.2,3.67,5.78,21.06,79.9,3.8,0.733,0.848,0.227,0.576,0
BIN_0890,28.510131,77.19573,South (Saket / Hauz Khas),waste_basket,MCD-South,1000,Recyclable/Dry,33.9,3.68,6.5,19.99,88.3,18.0,0.368,0.867,0.255,0.393,1
BIN_0891,28.560437,77.242608,South-East (Lajpat / Okhla),recycling,MCD-SouthEast,1000,Recyclable/Dry,29.9,3.71,3.27,20.22,91.8,18.9,0.341,0.889,0.128,0.411,2
BIN_0892,28.590617,77.063562,South-West (Dwarka),waste_basket,MCD-SouthWest,800,Organic/Wet,74.8,3.79,14.53,12.47,5.5,6.6,0.658,0.293,0.57,0.303,3
BIN_0893,28.617005,77.075872,West (Janakpuri / Rajouri),waste_basket,MCD-West,1000,Recyclable/Dry,53.8,2.84,14.22,18.61,88.2,16.3,0.477,0.837,0.558,0.378,4
BIN_0894,28.631768,77.225519,Karol Bagh / Patel Nagar,waste_basket,MCD-KarolBagh,1000,Recyclable/Dry,89.1,4.4,7.34,22.42,75.2,2.5,0.78,0.853,0.288,0.588,5
BIN_0895,28.700661,77.179025,North / Civil Lines,waste_basket,MCD-North,800,Organic/Wet,42.9,6.18,15.15,11.28,13.9,9.2,0.519,0.31,0.595,0.233,6
BIN_0896,28.724558,77.119086,Rohini / Pitampura,recycling,MCD-Rohini,1000,Recyclable/Dry,94.6,3.2,19.62,21.04,82.7,1.7,0.776,0.861,0.77,0.492,7
BIN_0897,28.698255,77.141376,Keshavpuram / Shalimar,waste_basket,MCD-Keshavpuram,1000,Recyclable/Dry,19.6,5.0,16.04,19.9,81.9,16.1,0.314,0.833,0.63,0.281,8
BIN_0898,28.638693,77.232988,City / Chandni Chowk,waste_basket,MCD-CitySP,800,Organic/Wet,41.3,4.28,8.26,11.38,10.1,13.7,0.441,0.293,0.324,0.243,9
BIN_0899,28.680555,77.274515,Shahdara North,recycling,MCD-ShahdaraNorth,1000,Recyclable/Dry,90.5,3.93,14.09,23.22,80.7,2.4,0.773,0.898,0.553,0.545,10
BIN_0900,28.607893,77.301046,Shahdara South (Mayur Vihar),waste_basket,MCD-ShahdaraSouth,1000,Recyclable/Dry,97.6,4.33,9.97,20.75,86.8,0.6,0.837,0.875,0.391,0.603,11
BIN_0901,28.633767,77.17403,Central / NDMC,waste_basket,NDMC,800,Organic/Wet,85.8,6.43,8.19,11.31,6.7,2.2,0.828,0.274,0.322,0.432,0
BIN_0902,28.562073,77.20587,South (Saket / Hauz Khas),waste_basket,MCD-South,1000,Recyclable/Dry,97.2,3.79,0.7,21.22,86.8,0.7,0.815,0.885,0.027,0.667,1
BIN_0903,28.544137,77.2844,South-East (Lajpat / Okhla),waste_disposal,MCD-SouthEast,2500,Mixed Municipal,34.9,4.62,7.71,13.03,38.4,14.1,0.408,0.469,0.303,0.284,2
BIN_0904,28.591164,77.042802,South-West (Dwarka),waste_basket,MCD-SouthWest,800,Organic/Wet,30.6,5.62,16.54,12.09,8.4,12.3,0.413,0.299,0.649,0.167,3
BIN_0905,28.617441,77.100364,West (Janakpuri / Rajouri),waste_basket,MCD-West,1000,Recyclable/Dry,85.1,3.78,12.07,19.43,78.1,3.9,0.73,0.804,0.474,0.511,4
BIN_0906,28.654776,77.182471,Karol Bagh / Patel Nagar,waste_basket,MCD-KarolBagh,1000,Recyclable/Dry,91.8,3.63,10.1,22.86,79.2,2.3,0.771,0.882,0.397,0.571,5
BIN_0907,28.664776,77.251393,North / Civil Lines,waste_basket,MCD-North,800,Organic/Wet,25.3,5.65,11.58,11.02,10.8,13.2,0.377,0.288,0.455,0.184,6
BIN_0908,28.730975,77.155144,Rohini / Pitampura,waste_basket,MCD-Rohini,1000,Recyclable/Dry,88.8,3.31,18.98,21.95,89.2,3.4,0.739,0.913,0.745,0.494,7
BIN_0909,28.689535,77.154692,Keshavpuram / Shalimar,waste_basket,MCD-Keshavpuram,1000,Recyclable/Dry,83.2,2.77,14.63,19.1,78.9,6.1,0.681,0.801,0.574,0.466,8
BIN_0910,28.656789,77.219457,City / Chandni Chowk,waste_basket,MCD-CitySP,800,Organic/Wet,78.4,3.52,10.0,12.4,12.1,6.1,0.673,0.324,0.393,0.356,9
BIN_0911,28.707234,77.285581,Shahdara North,waste_basket,MCD-ShahdaraNorth,1000,Recyclable/Dry,15.2,3.51,17.23,21.71,88.4,24.2,0.231,0.904,0.676,0.251,10
BIN_0912,28.607388,77.319329,Shahdara South (Mayur Vihar),waste_basket,MCD-ShahdaraSouth,1000,Recyclable/Dry,38.1,4.97,11.57,18.54,83.4,12.5,0.443,0.811,0.454,0.374,11
BIN_0913,28.652998,77.190344,Central / NDMC,waste_disposal,NDMC,1500,Mixed Municipal,94.1,5.04,9.73,14.15,28.3,1.2,0.837,0.443,0.382,0.475,0
BIN_0914,28.542499,77.179111,South (Saket / Hauz Khas),waste_basket,MCD-South,1000,Recyclable/Dry,32.7,3.1,4.08,19.13,79.9,21.7,0.339,0.807,0.16,0.379,1
BIN_0915,28.592447,77.247067,South-East (Lajpat / Okhla),waste_basket,MCD-SouthEast,1000,Recyclable/Dry,94.2,4.94,4.58,20.33,81.6,1.2,0.834,0.841,0.18,0.633,2
BIN_0916,28.58265,77.059175,South-West (Dwarka),waste_basket,MCD-SouthWest,800,Organic/Wet,79.6,5.02,14.83,11.13,7.7,4.1,0.735,0.275,0.582,0.334,3
BIN_0917,28.631225,77.088302,West (Janakpuri / Rajouri),waste_basket,MCD-West,1000,Recyclable/Dry,73.2,2.65,13.85,21.94,80.3,10.1,0.606,0.868,0.544,0.455,4
BIN_0918,28.651102,77.188769,Karol Bagh / Patel Nagar,waste_basket,MCD-KarolBagh,1000,Recyclable/Dry,82.4,3.26,9.56,21.97,88.0,5.4,0.692,0.907,0.375,0.543,5
BIN_0919,28.674415,77.190515,North / Civil Lines,waste_disposal,MCD-North,2500,Mixed Municipal,65.6,7.15,12.07,15.47,28.4,4.8,0.712,0.471,0.474,0.403,6
BIN_0920,28.720732,77.143824,Rohini / Pitampura,waste_basket,MCD-Rohini,1000,Recyclable/Dry,88.8,3.95,18.25,20.87,80.7,2.8,0.762,0.848,0.717,0.492,7
BIN_0921,28.723825,77.179452,Keshavpuram / Shalimar,waste_basket,MCD-Keshavpuram,1000,Recyclable/Dry,40.7,3.73,17.67,18.76,79.0,15.9,0.417,0.794,0.694,0.308,8
BIN_0922,28.650862,77.206106,City / Chandni Chowk,waste_basket,MCD-CitySP,800,Organic/Wet,92.0,3.9,9.31,11.02,9.6,2.1,0.782,0.282,0.366,0.403,9
BIN_0923,28.690463,77.297086,Shahdara North,waste_basket,MCD-ShahdaraNorth,1000,Recyclable/Dry,24.5,4.42,16.13,22.38,88.7,17.1,0.328,0.92,0.633,0.313,10
BIN_0924,28.628227,77.30862,Shahdara South (Mayur Vihar),waste_basket,MCD-ShahdaraSouth,1000,Recyclable/Dry,17.9,3.82,11.78,21.73,82.8,21.5,0.261,0.876,0.463,0.301,11
BIN_0925,28.618813,77.210519,Central / NDMC,waste_basket,NDMC,800,Organic/Wet,72.4,3.9,5.74,11.09,10.5,7.1,0.645,0.288,0.225,0.364,0
BIN_0926,28.516894,77.214493,South (Saket / Hauz Khas),waste_basket,MCD-South,1000,Recyclable/Dry,53.8,3.82,5.61,19.23,89.9,12.1,0.512,0.859,0.22,0.469,1
BIN_0927,28.572129,77.246023,South-East (Lajpat / Okhla),waste_disposal,MCD-SouthEast,1500,Mixed Municipal,66.6,5.76,3.56,14.86,34.6,5.8,0.67,0.489,0.14,0.454,2
BIN_0928,28.587762,77.01956,South-West (Dwarka),waste_disposal,MCD-SouthWest,2500,Mixed Municipal,84.3,6.94,18.74,13.96,39.1,2.3,0.836,0.493,0.736,0.419,3
BIN_0929,28.62035,77.092491,West (Janakpuri / Rajouri),waste_disposal,MCD-West,1500,Mixed Municipal,53.5,6.25,12.91,15.15,27.6,7.4,0.596,0.46,0.507,0.335,4
BIN_0930,28.658429,77.214398,Karol Bagh / Patel Nagar,waste_basket,MCD-KarolBagh,1000,Recyclable/Dry,48.9,3.06,10.15,23.49,76.3,16.7,0.451,0.881,0.399,0.41,5
BIN_0931,28.685489,77.211632,North / Civil Lines,waste_disposal,MCD-North,2500,Mixed Municipal,90.7,8.43,13.15,13.32,34.8,1.1,0.933,0.457,0.516,0.501,6
BIN_0932,28.706277,77.11451,Rohini / Pitampura,waste_basket,MCD-Rohini,1000,Recyclable/Dry,19.6,3.65,18.06,22.63,86.9,22.0,0.266,0.916,0.709,0.266,7
BIN_0933,28.678723,77.116035,Keshavpuram / Shalimar,recycling,MCD-Keshavpuram,1000,Recyclable/Dry,20.5,3.81,15.42,21.71,80.3,20.9,0.278,0.863,0.605,0.277,8
BIN_0934,28.649578,77.234442,City / Chandni Chowk,waste_basket,MCD-CitySP,800,Organic/Wet,74.4,5.49,9.47,11.21,11.8,4.7,0.715,0.298,0.372,0.373,9
BIN_0935,28.670891,77.26381,Shahdara North,waste_basket,MCD-ShahdaraNorth,1000,Recyclable/Dry,87.2,3.99,12.67,21.78,75.7,3.2,0.752,0.842,0.497,0.529,10
BIN_0936,28.610808,77.318012,Shahdara South (Mayur Vihar),waste_basket,MCD-ShahdaraSouth,1000,Recyclable/Dry,35.3,4.55,11.61,18.88,86.4,14.2,0.408,0.834,0.456,0.363,11
BIN_0937,28.646502,77.201594,Central / NDMC,waste_disposal,NDMC,1500,Mixed Municipal,90.6,4.91,8.86,14.38,27.9,1.9,0.808,0.445,0.348,0.468,0
BIN_0938,28.532678,77.218844,South (Saket / Hauz Khas),waste_basket,MCD-South,1000,Recyclable/Dry,60.4,3.36,3.93,22.72,82.4,11.8,0.542,0.895,0.154,0.509,1
BIN_0939,28.570707,77.254255,South-East (Lajpat / Okhla),waste_basket,MCD-SouthEast,1000,Recyclable/Dry,19.7,2.96,4.34,19.43,78.2,27.1,0.243,0.804,0.17,0.329,2
BIN_0940,28.609345,77.051338,South-West (Dwarka),waste_basket,MCD-SouthWest,800,Organic/Wet,42.1,5.96,16.18,10.6,10.7,9.7,0.506,0.279,0.635,0.21,3
BIN_0941,28.64612,77.055644,West (Janakpuri / Rajouri),waste_basket,MCD-West,1000,Recyclable/Dry,63.2,4.06,17.44,18.63,87.5,9.1,0.586,0.834,0.685,0.406,4
BIN_0942,28.664047,77.211631,Karol Bagh / Patel Nagar,waste_basket,MCD-KarolBagh,1000,Recyclable/Dry,71.1,2.82,10.77,20.26,77.1,10.2,0.598,0.817,0.423,0.459,5
BIN_0943,28.664204,77.231084,North / Civil Lines,waste_basket,MCD-North,800,Organic/Wet,79.9,5.35,10.98,12.13,10.8,3.8,0.749,0.312,0.431,0.382,6
BIN_0944,28.727087,77.125053,Rohini / Pitampura,waste_basket,MCD-Rohini,1000,Recyclable/Dry,68.2,3.22,19.62,22.24,89.5,9.9,0.591,0.921,0.77,0.418,7
BIN_0945,28.697592,77.159543,Keshavpuram / Shalimar,waste_basket,MCD-Keshavpuram,1000,Recyclable/Dry,29.6,4.28,15.31,21.4,77.8,16.4,0.359,0.844,0.601,0.312,8
BIN_0946,28.650091,77.201594,City / Chandni Chowk,waste_disposal,MCD-CitySP,1500,Mixed Municipal,33.4,8.4,9.25,13.04,38.8,7.9,0.531,0.471,0.363,0.334,9
BIN_0947,28.694374,77.270431,Shahdara North,waste_basket,MCD-ShahdaraNorth,1000,Recyclable/Dry,84.1,3.38,15.32,22.98,84.8,4.7,0.708,0.913,0.601,0.508,10
BIN_0948,28.625924,77.300346,Shahdara South (Mayur Vihar),recycling,MCD-ShahdaraSouth,1000,Recyclable/Dry,90.2,4.96,10.97,19.33,75.0,2.0,0.807,0.786,0.431,0.553,11
BIN_0949,28.60392,77.201253,Central / NDMC,waste_disposal,NDMC,1500,Mixed Municipal,29.0,8.13,4.17,13.26,34.8,8.7,0.491,0.456,0.164,0.35,0
BIN_0950,28.523662,77.215404,South (Saket / Hauz Khas),recycling,MCD-South,1000,Recyclable/Dry,40.2,2.97,4.87,21.88,80.1,20.1,0.387,0.866,0.191,0.415,1
BIN_0951,28.565031,77.243569,South-East (Lajpat / Okhla),waste_disposal,MCD-SouthEast,2500,Mixed Municipal,23.1,5.29,3.29,13.33,34.7,14.5,0.349,0.457,0.129,0.286,2
BIN_0952,28.584784,77.065338,South-West (Dwarka),waste_basket,MCD-SouthWest,800,Organic/Wet,67.2,5.55,14.26,11.57,11.8,5.9,0.667,0.305,0.56,0.313,3
BIN_0953,28.644289,77.08441,West (Janakpuri / Rajouri),waste_basket,MCD-West,1000,Recyclable/Dry,72.4,2.91,14.96,22.66,91.9,9.5,0.61,0.942,0.587,0.47,4
BIN_0954,28.662537,77.179223,Karol Bagh / Patel Nagar,waste_basket,MCD-KarolBagh,1000,Recyclable/Dry,67.3,3.46,11.02,22.4,90.5,9.5,0.594,0.929,0.433,0.489,5
BIN_0955,28.655565,77.187901,North / Civil Lines,waste_basket,MCD-North,800,Organic/Wet,29.5,6.32,10.06,12.02,14.4,11.2,0.43,0.328,0.395,0.235,6
BIN_0956,28.719953,77.126318,Rohini / Pitampura,waste_basket,MCD-Rohini,1000,Recyclable/Dry,67.6,4.78,18.85,18.84,79.6,6.8,0.643,0.799,0.74,0.413,7
BIN_0957,28.680215,77.176713,Keshavpuram / Shalimar,waste_basket,MCD-Keshavpuram,1000,Recyclable/Dry,27.1,4.07,12.98,18.64,81.4,17.9,0.334,0.804,0.51,0.306,8
BIN_0958,28.642535,77.242097,City / Chandni Chowk,waste_basket,MCD-CitySP,800,Organic/Wet,16.4,3.82,8.94,11.31,11.0,21.9,0.25,0.296,0.351,0.144,9
BIN_0959,28.680736,77.292017,Shahdara North,waste_disposal,MCD-ShahdaraNorth,1500,Mixed Municipal,71.3,6.15,14.95,15.01,26.2,4.7,0.717,0.45,0.587,0.376,10
BIN_0960,28.609542,77.298203,Shahdara South (Mayur Vihar),waste_disposal,MCD-ShahdaraSouth,1500,Mixed Municipal,28.6,8.36,9.81,13.34,39.7,8.5,0.496,0.482,0.385,0.316,11
BIN_0961,28.619954,77.201115,Central / NDMC,waste_basket,NDMC,800,Organic/Wet,43.4,3.77,5.93,12.13,8.8,15.0,0.437,0.302,0.233,0.263,0
BIN_0962,28.524821,77.208476,South (Saket / Hauz Khas),waste_basket,MCD-South,1000,Recyclable/Dry,38.4,4.55,4.71,19.33,91.8,13.5,0.43,0.87,0.185,0.439,1
BIN_0963,28.570842,77.242278,South-East (Lajpat / Okhla),recycling,MCD-SouthEast,1000,Recyclable/Dry,73.8,3.61,3.18,20.98,89.3,7.3,0.644,0.893,0.125,0.565,2
BIN_0964,28.580557,77.055851,South-West (Dwarka),waste_basket,MCD-SouthWest,800,Organic/Wet,59.4,4.58,15.13,11.77,5.7,8.9,0.578,0.279,0.594,0.254,3
BIN_0965,28.629578,77.089246,West (Janakpuri / Rajouri),waste_disposal,MCD-West,1500,Mixed Municipal,82.5,8.06,13.68,13.86,30.9,2.2,0.863,0.449,0.537,0.459,4
BIN_0966,28.63674,77.205753,Karol Bagh / Patel Nagar,waste_disposal,MCD-KarolBagh,2000,Mixed Municipal,87.5,4.57,7.74,13.36,26.4,2.7,0.774,0.416,0.304,0.451,5
BIN_0967,28.670401,77.210644,North / Civil Lines,waste_disposal,MCD-North,2000,Mixed Municipal,85.7,8.34,11.48,14.27,27.4,1.7,0.895,0.441,0.451,0.49,6
BIN_0968,28.710416,77.134457,Rohini / Pitampura,waste_disposal,MCD-Rohini,2500,Mixed Municipal,52.8,6.85,17.55,13.02,25.3,6.9,0.612,0.404,0.689,0.289,7
BIN_0969,28.691006,77.161158,Keshavpuram / Shalimar,waste_basket,MCD-Keshavpuram,1000,Recyclable/Dry,34.3,4.33,14.57,22.09,82.5,15.2,0.393,0.882,0.572,0.347,8
BIN_0970,28.655944,77.253007,City / Chandni Chowk,waste_basket,MCD-CitySP,800,Organic/Wet,49.5,5.99,10.72,10.97,11.3,8.4,0.559,0.29,0.421,0.282,9
BIN_0971,28.693402,77.277086,Shahdara North,waste_basket,MCD-ShahdaraNorth,1000,Recyclable/Dry,67.0,3.01,15.49,20.74,83.3,11.0,0.576,0.858,0.608,0.424,10
BIN_0972,28.58244,77.249618,Shahdara South (Mayur Vihar),waste_basket,MCD-ShahdaraSouth,1000,Recyclable/Dry,74.7,3.63,4.22,23.08,88.6,7.0,0.651,0.934,0.166,0.573,11
BIN_0973,28.625397,77.253987,Central / NDMC,waste_basket,NDMC,800,Organic/Wet,42.8,6.24,7.77,11.43,7.5,9.2,0.521,0.281,0.305,0.284,0
BIN_0974,28.525083,77.217821,South (Saket / Hauz Khas),waste_basket,MCD-South,1000,Recyclable/Dry,23.2,3.44,4.75,21.21,77.2,22.3,0.284,0.837,0.186,0.356,1
BIN_0975,28.554043,77.297928,South-East (Lajpat / Okhla),waste_disposal,MCD-SouthEast,2500,Mixed Municipal,92.5,7.91,8.71,13.13,32.0,0.9,0.928,0.439,0.342,0.527,2
BIN_0976,28.587247,77.044544,South-West (Dwarka),waste_disposal,MCD-SouthWest,2500,Mixed Municipal,95.2,4.94,16.31,13.71,33.8,1.0,0.841,0.461,0.64,0.431,3
BIN_0977,28.636904,77.067408,West (Janakpuri / Rajouri),waste_basket,MCD-West,1000,Recyclable/Dry,66.0,4.18,15.93,22.09,88.2,8.1,0.61,0.911,0.625,0.453,4
BIN_0978,28.633789,77.176504,Karol Bagh / Patel Nagar,recycling,MCD-KarolBagh,1000,Recyclable/Dry,32.6,4.21,8.09,20.45,87.5,16.0,0.377,0.873,0.318,0.387,5
BIN_0979,28.669458,77.205599,North / Civil Lines,waste_basket,MCD-North,800,Organic/Wet,95.1,6.14,11.38,10.97,5.2,0.8,0.883,0.259,0.447,0.43,6
BIN_0980,28.695329,77.093349,Rohini / Pitampura,waste_basket,MCD-Rohini,1000,Recyclable/Dry,28.3,2.87,18.24,21.9,89.0,25.0,0.3,0.911,0.716,0.28,7
BIN_0981,28.702252,77.183906,Keshavpuram / Shalimar,waste_basket,MCD-Keshavpuram,1000,Recyclable/Dry,78.9,3.42,15.23,21.61,80.3,6.2,0.673,0.861,0.598,0.476,8
BIN_0982,28.644623,77.25268,City / Chandni Chowk,recycling,MCD-CitySP,1000,Recyclable/Dry,89.5,3.71,9.56,20.53,88.1,2.8,0.758,0.877,0.375,0.567,9
BIN_0983,28.675275,77.294866,Shahdara North,waste_disposal,MCD-ShahdaraNorth,2000,Mixed Municipal,62.1,5.23,14.6,13.37,39.1,7.2,0.62,0.48,0.573,0.339,10
BIN_0984,28.61842,77.298784,Shahdara South (Mayur Vihar),waste_basket,MCD-ShahdaraSouth,1000,Recyclable/Dry,56.7,3.84,10.37,20.5,91.7,11.3,0.533,0.895,0.407,0.453,11
BIN_0985,28.641936,77.187682,Central / NDMC,waste_basket,NDMC,800,Organic/Wet,94.1,4.53,8.59,10.6,11.0,1.3,0.819,0.281,0.337,0.426,0
BIN_0986,28.528648,77.216216,South (Saket / Hauz Khas),waste_disposal,MCD-South,2000,Mixed Municipal,41.8,5.34,4.33,13.31,36.5,10.9,0.482,0.466,0.17,0.347,1
BIN_0987,28.569968,77.283784,South-East (Lajpat / Okhla),waste_disposal,MCD-SouthEast,2500,Mixed Municipal,58.0,8.35,7.21,14.53,27.4,5.0,0.702,0.446,0.283,0.428,2
BIN_0988,28.595,77.03428,South-West (Dwarka),waste_basket,MCD-SouthWest,800,Organic/Wet,56.7,6.44,17.43,12.11,13.2,6.7,0.625,0.324,0.684,0.273,3
BIN_0989,28.653765,77.081268,West (Janakpuri / Rajouri),waste_basket,MCD-West,1000,Recyclable/Dry,49.7,2.72,15.83,21.23,84.3,18.5,0.444,0.873,0.622,0.36,4
BIN_0990,28.66017,77.184036,Karol Bagh / Patel Nagar,waste_basket,MCD-KarolBagh,1000,Recyclable/Dry,44.6,4.06,10.64,22.1,76.7,13.6,0.456,0.854,0.418,0.401,5
BIN_0991,28.671419,77.235694,North / Civil Lines,waste_basket,MCD-North,800,Organic/Wet,25.5,6.12,11.86,10.97,12.1,12.2,0.395,0.294,0.466,0.193,6
BIN_0992,28.718318,77.134218,Rohini / Pitampura,waste_basket,MCD-Rohini,1000,Recyclable/Dry,78.0,4.25,18.36,20.64,77.7,5.2,0.697,0.828,0.721,0.452,7
BIN_0993,28.694828,77.143453,Keshavpuram / Shalimar,waste_disposal,MCD-Keshavpuram,1500,Mixed Municipal,58.9,5.93,15.61,14.19,30.4,6.9,0.622,0.454,0.613,0.325,8
BIN_0994,28.670644,77.237138,City / Chandni Chowk,waste_basket,MCD-CitySP,800,Organic/Wet,61.0,3.67,11.8,12.11,8.4,10.6,0.557,0.3,0.463,0.276,9
BIN_0995,28.694597,77.286675,Shahdara North,waste_disposal,MCD-ShahdaraNorth,2500,Mixed Municipal,42.7,6.45,16.02,13.6,36.9,8.9,0.527,0.474,0.629,0.28,10
BIN_0996,28.608716,77.293402,Shahdara South (Mayur Vihar),recycling,MCD-ShahdaraSouth,1000,Recyclable/Dry,40.5,3.65,9.36,20.03,77.9,16.3,0.413,0.816,0.367,0.378,11
BIN_0997,28.628122,77.204046,Central / NDMC,waste_basket,NDMC,800,Organic/Wet,95.1,4.84,6.8,11.6,8.6,1.0,0.837,0.29,0.267,0.452,0
BIN_0998,28.503468,77.193858,South (Saket / Hauz Khas),waste_basket,MCD-South,1000,Recyclable/Dry,73.9,3.01,7.26,20.79,87.9,8.7,0.624,0.882,0.285,0.519,1
BIN_0999,28.566846,77.253946,South-East (Lajpat / Okhla),waste_disposal,MCD-SouthEast,1500,Mixed Municipal,63.4,8.17,4.29,14.81,39.2,4.5,0.733,0.511,0.168,0.486,2
BIN_1000,28.61197,77.043199,South-West (Dwarka),waste_basket,MCD-SouthWest,800,Organic/Wet,30.7,4.79,17.03,10.87,13.2,14.5,0.385,0.297,0.669,0.148,3
BIN_1001,28.615028,77.069874,West (Janakpuri / Rajouri),waste_basket,MCD-West,1000,Recyclable/Dry,63.4,2.81,14.68,19.67,77.1,13.0,0.543,0.804,0.576,0.398,4
BIN_1002,28.638207,77.211524,Karol Bagh / Patel Nagar,waste_basket,MCD-KarolBagh,1000,Recyclable/Dry,52.6,3.73,7.9,19.14,90.5,12.7,0.5,0.86,0.31,0.446,5
BIN_1003,28.66,77.225119,North / Civil Lines,waste_basket,MCD-North,800,Organic/Wet,65.0,6.1,10.42,11.27,13.4,5.7,0.671,0.307,0.409,0.346,6
BIN_1004,28.705762,77.121928,Rohini / Pitampura,waste_basket,MCD-Rohini,1000,Recyclable/Dry,31.2,4.7,17.64,21.83,78.4,14.6,0.385,0.856,0.693,0.311,7
BIN_1005,28.70927,77.133764,Keshavpuram / Shalimar,waste_basket,MCD-Keshavpuram,1000,Recyclable/Dry,59.2,4.62,17.46,22.0,76.9,8.8,0.578,0.853,0.686,0.408,8
BIN_1006,28.656342,77.229889,City / Chandni Chowk,waste_disposal,MCD-CitySP,2500,Mixed Municipal,55.5,6.55,10.1,14.96,27.5,6.8,0.62,0.456,0.397,0.368,9
BIN_1007,28.692365,77.28688,Shahdara North,waste_basket,MCD-ShahdaraNorth,1000,Recyclable/Dry,30.5,2.66,15.81,21.2,75.9,26.1,0.308,0.831,0.621,0.279,10
BIN_1008,28.602542,77.30808,Shahdara South (Mayur Vihar),waste_disposal,MCD-ShahdaraSouth,2000,Mixed Municipal,52.4,4.75,10.35,14.82,38.3,10.0,0.535,0.507,0.406,0.338,11
BIN_1009,28.633571,77.181619,Central / NDMC,waste_basket,NDMC,800,Organic/Wet,45.7,4.34,7.88,11.11,9.6,12.5,0.474,0.284,0.309,0.26,0
BIN_1010,28.496725,77.220741,South (Saket / Hauz Khas),waste_disposal,MCD-South,1500,Mixed Municipal,16.8,8.38,7.91,13.53,26.7,9.9,0.414,0.421,0.311,0.272,1
BIN_1011,28.576462,77.27105,South-East (Lajpat / Okhla),waste_basket,MCD-SouthEast,1000,Recyclable/Dry,68.4,4.24,6.05,19.18,77.5,7.5,0.629,0.796,0.238,0.506,2
BIN_1012,28.579314,77.054557,South-West (Dwarka),waste_basket,MCD-SouthWest,800,Organic/Wet,73.4,3.72,15.24,12.18,7.1,7.2,0.646,0.295,0.598,0.292,3
BIN_1013,28.640944,77.083269,West (Janakpuri / Rajouri),waste_basket,MCD-West,1000,Recyclable/Dry,43.0,3.15,14.84,18.95,91.1,18.1,0.413,0.859,0.583,0.347,4
BIN_1014,28.642858,77.188468,Karol Bagh / Patel Nagar,waste_basket,MCD-KarolBagh,1000,Recyclable/Dry,79.1,3.38,8.67,19.12,81.8,6.2,0.673,0.816,0.34,0.513,5
BIN_1015,28.67492,77.229502,North / Civil Lines,waste_basket,MCD-North,800,Organic/Wet,73.7,5.9,12.13,11.25,6.5,4.5,0.725,0.272,0.476,0.349,6
BIN_1016,28.706952,77.095037,Rohini / Pitampura,waste_basket,MCD-Rohini,1000,Recyclable/Dry,79.8,4.96,19.17,21.64,77.1,4.1,0.734,0.846,0.753,0.47,7
BIN_1017,28.714581,77.127501,Keshavpuram / Shalimar,waste_disposal,MCD-Keshavpuram,2500,Mixed Municipal,28.2,8.39,18.26,14.25,30.8,8.6,0.495,0.457,0.717,0.241,8
BIN_1018,28.635399,77.19726,City / Chandni Chowk,waste_basket,MCD-CitySP,800,Organic/Wet,75.5,4.16,7.68,11.83,7.2,5.9,0.676,0.288,0.302,0.364,9
BIN_1019,28.644445,77.284364,Shahdara North,waste_basket,MCD-ShahdaraNorth,1000,Recyclable/Dry,61.2,2.73,11.25,19.44,75.2,14.2,0.525,0.79,0.442,0.411,10
BIN_1020,28.607857,77.311301,Shahdara South (Mayur Vihar),waste_basket,MCD-ShahdaraSouth,1000,Recyclable/Dry,91.2,2.59,10.88,19.08,81.6,3.4,0.73,0.814,0.427,0.524,11
BIN_1021,28.627814,77.224971,Central / NDMC,waste_basket,NDMC,800,Organic/Wet,19.2,6.21,6.9,10.88,9.6,13.0,0.354,0.279,0.271,0.207,0
BIN_1022,28.518619,77.222456,South (Saket / Hauz Khas),waste_disposal,MCD-South,2500,Mixed Municipal,60.6,4.76,5.54,13.88,38.9,8.3,0.593,0.49,0.218,0.4,1
BIN_1023,28.593922,77.278721,South-East (Lajpat / Okhla),waste_basket,MCD-SouthEast,1000,Recyclable/Dry,83.6,2.99,7.34,20.32,89.3,5.5,0.691,0.879,0.288,0.552,2
BIN_1024,28.615034,77.052577,South-West (Dwarka),waste_basket,MCD-SouthWest,800,Organic/Wet,50.9,6.1,16.26,10.92,10.7,8.0,0.572,0.286,0.638,0.244,3
BIN_1025,28.628927,77.095456,West (Janakpuri / Rajouri),waste_basket,MCD-West,1000,Recyclable/Dry,87.1,3.3,13.12,20.45,91.2,3.9,0.727,0.891,0.515,0.528,4
BIN_1026,28.646501,77.20566,Karol Bagh / Patel Nagar,waste_basket,MCD-KarolBagh,1000,Recyclable/Dry,51.7,4.46,8.83,22.12,80.3,10.8,0.52,0.872,0.347,0.452,5
BIN_1027,28.704331,77.221241,North / Civil Lines,waste_basket,MCD-North,800,Organic/Wet,58.7,4.6,15.29,11.39,8.8,9.0,0.574,0.286,0.6,0.253,6
BIN_1028,28.70674,77.136336,Rohini / Pitampura,waste_basket,MCD-Rohini,1000,Recyclable/Dry,92.5,3.19,17.1,21.85,79.6,2.4,0.76,0.863,0.671,0.505,7
BIN_1029,28.703073,77.190444,Keshavpuram / Shalimar,waste_basket,MCD-Keshavpuram,1000,Recyclable/Dry,60.3,3.77,15.23,18.65,85.5,10.5,0.556,0.824,0.598,0.406,8
BIN_1030,28.640569,77.226257,City / Chandni Chowk,waste_basket,MCD-CitySP,800,Organic/Wet,19.4,4.9,8.31,12.4,9.1,16.4,0.309,0.309,0.326,0.182,9
BIN_1031,28.695071,77.340232,Shahdara North,waste_basket,MCD-ShahdaraNorth,1000,Recyclable/Dry,53.2,2.97,19.07,22.22,77.9,15.8,0.478,0.862,0.749,0.348,10
BIN_1032,28.597983,77.285655,Shahdara South (Mayur Vihar),waste_basket,MCD-ShahdaraSouth,1000,Recyclable/Dry,21.1,3.54,8.14,21.75,89.0,22.3,0.273,0.908,0.32,0.345,11
BIN_1033,28.652875,77.219704,Central / NDMC,waste_basket,NDMC,800,Organic/Wet,91.4,5.21,9.57,11.54,5.4,1.7,0.824,0.273,0.376,0.419,0
BIN_1034,28.525042,77.215495,South (Saket / Hauz Khas),waste_basket,MCD-South,1000,Recyclable/Dry,53.7,2.66,4.72,23.23,86.5,17.4,0.47,0.927,0.185,0.476,1
BIN_1035,28.564911,77.231211,South-East (Lajpat / Okhla),waste_basket,MCD-SouthEast,1000,Recyclable/Dry,56.8,2.91,2.09,21.41,81.1,14.8,0.501,0.861,0.082,0.492,2
BIN_1036,28.599466,77.063796,South-West (Dwarka),waste_basket,MCD-SouthWest,800,Organic/Wet,18.3,4.13,14.72,12.37,14.1,19.8,0.274,0.334,0.578,0.122,3
BIN_1037,28.640665,77.096092,West (Janakpuri / Rajouri),recycling,MCD-West,1000,Recyclable/Dry,17.3,3.83,13.8,22.95,85.2,21.6,0.257,0.914,0.542,0.294,4
BIN_1038,28.647542,77.161659,Karol Bagh / Patel Nagar,waste_basket,MCD-KarolBagh,1000,Recyclable/Dry,61.9,3.2,10.1,21.29,87.6,11.9,0.547,0.891,0.397,0.461,5
BIN_1039,28.678844,77.208069,North / Civil Lines,waste_disposal,MCD-North,2000,Mixed Municipal,85.5,6.75,12.42,13.35,31.6,2.1,0.838,0.442,0.488,0.454,6
BIN_1040,28.7266,77.11383,Rohini / Pitampura,waste_basket,MCD-Rohini,1000,Recyclable/Dry,94.7,3.96,20.06,21.24,88.5,1.3,0.803,0.894,0.788,0.512,7
BIN_1041,28.699067,77.198847,Keshavpuram / Shalimar,waste_basket,MCD-Keshavpuram,1000,Recyclable/Dry,32.3,4.37,14.7,20.57,80.1,15.5,0.381,0.838,0.577,0.326,8
BIN_1042,28.642029,77.220535,City / Chandni Chowk,waste_basket,MCD-CitySP,800,Organic/Wet,76.0,5.82,8.38,11.12,13.9,4.1,0.738,0.306,0.329,0.395,9
BIN_1043,28.674597,77.299369,Shahdara North,waste_disposal,MCD-ShahdaraNorth,2500,Mixed Municipal,75.6,4.91,14.79,13.84,33.8,5.0,0.703,0.463,0.581,0.374,10
BIN_1044,28.632246,77.291301,Shahdara South (Mayur Vihar),waste_basket,MCD-ShahdaraSouth,1000,Recyclable/Dry,55.7,3.13,10.74,19.4,87.5,14.2,0.501,0.85,0.422,0.421,11
BIN_1045,28.631756,77.194156,Central / NDMC,waste_basket,NDMC,800,Organic/Wet,73.8,6.12,7.34,11.26,14.5,4.3,0.733,0.312,0.288,0.403,0
BIN_1046,28.509601,77.221924,South (Saket / Hauz Khas),waste_basket,MCD-South,1000,Recyclable/Dry,66.7,5.0,6.51,19.49,77.4,6.7,0.644,0.802,0.256,0.511,1
BIN_1047,28.542054,77.249974,South-East (Lajpat / Okhla),waste_basket,MCD-SouthEast,1000,Recyclable/Dry,56.4,2.58,4.8,18.75,76.6,16.9,0.486,0.782,0.188,0.44,2
BIN_1048,28.582504,77.048648,South-West (Dwarka),waste_disposal,MCD-SouthWest,2500,Mixed Municipal,71.9,5.56,15.85,13.1,30.2,5.1,0.7,0.43,0.622,0.355,3
BIN_1049,28.618197,77.087625,West (Janakpuri / Rajouri),recycling,MCD-West,1000,Recyclable/Dry,68.7,4.56,13.23,22.33,86.2,6.9,0.642,0.906,0.519,0.489,4
BIN_1050,28.651887,77.205201,Karol Bagh / Patel Nagar,waste_basket,MCD-KarolBagh,1000,Recyclable/Dry,55.0,3.98,9.43,21.14,77.2,11.3,0.526,0.836,0.37,0.44,5
BIN_1051,28.680802,77.197424,North / Civil Lines,recycling,MCD-North,1000,Recyclable/Dry,65.1,4.29,12.69,20.42,82.2,8.1,0.608,0.845,0.498,0.458,6
BIN_1052,28.703378,77.08598,Rohini / Pitampura,waste_basket,MCD-Rohini,1000,Recyclable/Dry,17.1,3.43,19.39,23.33,77.2,24.2,0.241,0.882,0.761,0.233,7
BIN_1053,28.704937,77.148695,Keshavpuram / Shalimar,waste_basket,MCD-Keshavpuram,1000,Recyclable/Dry,22.0,2.52,16.44,18.9,83.1,31.0,0.243,0.818,0.645,0.238,8
BIN_1054,28.659428,77.242304,City / Chandni Chowk,waste_disposal,MCD-CitySP,2500,Mixed Municipal,87.6,5.33,10.73,13.87,38.8,2.3,0.802,0.489,0.421,0.463,9
BIN_1055,28.689882,77.302073,Shahdara North,waste_disposal,MCD-ShahdaraNorth,2500,Mixed Municipal,32.6,5.4,16.34,15.45,27.3,12.5,0.419,0.465,0.642,0.221,10
BIN_1056,28.604088,77.310255,Shahdara South (Mayur Vihar),waste_basket,MCD-ShahdaraSouth,1000,Recyclable/Dry,45.3,4.59,10.61,23.49,75.4,11.9,0.48,0.877,0.417,0.42,11
BIN_1057,28.631774,77.228074,Central / NDMC,waste_disposal,NDMC,2000,Mixed Municipal,70.6,5.5,7.39,13.02,26.1,5.3,0.689,0.408,0.29,0.409,0
BIN_1058,28.522868,77.224419,South (Saket / Hauz Khas),waste_basket,MCD-South,1000,Recyclable/Dry,37.3,4.92,5.13,19.44,88.7,12.7,0.435,0.857,0.201,0.435,1
BIN_1059,28.554661,77.259804,South-East (Lajpat / Okhla),waste_basket,MCD-SouthEast,1000,Recyclable/Dry,42.7,3.61,5.06,21.01,77.5,15.9,0.427,0.835,0.199,0.424,2
BIN_1060,28.630368,77.057704,South-West (Dwarka),waste_basket,MCD-SouthWest,800,Organic/Wet,19.4,4.6,16.44,12.02,12.1,17.5,0.299,0.316,0.645,0.115,3
BIN_1061,28.618208,77.066095,West (Janakpuri / Rajouri),waste_basket,MCD-West,1000,Recyclable/Dry,72.9,3.39,15.15,21.38,77.6,8.0,0.63,0.843,0.595,0.449,4
BIN_1062,28.620493,77.210337,Karol Bagh / Patel Nagar,waste_basket,MCD-KarolBagh,1000,Recyclable/Dry,88.1,2.7,5.93,21.31,75.1,4.4,0.712,0.829,0.233,0.558,5
BIN_1063,28.68468,77.214666,North / Civil Lines,recycling,MCD-North,1000,Recyclable/Dry,88.2,3.92,13.07,19.85,81.3,3.0,0.756,0.829,0.513,0.524,6
BIN_1064,28.718216,77.104608,Rohini / Pitampura,waste_basket,MCD-Rohini,1000,Recyclable/Dry,80.6,2.98,19.69,20.85,75.8,6.5,0.67,0.823,0.773,0.427,7
BIN_1065,28.666901,77.153284,Keshavpuram / Shalimar,waste_basket,MCD-Keshavpuram,1000,Recyclable/Dry,24.8,3.18,12.39,22.77,87.7,23.6,0.286,0.923,0.486,0.323,8
BIN_1066,28.654559,77.2275,City / Chandni Chowk,waste_basket,MCD-CitySP,800,Organic/Wet,82.0,4.6,9.86,11.57,11.0,3.9,0.737,0.301,0.387,0.381,9
BIN_1067,28.669012,77.285322,Shahdara North,waste_basket,MCD-ShahdaraNorth,1000,Recyclable/Dry,87.2,3.27,13.5,21.18,90.9,3.9,0.726,0.905,0.53,0.529,10
BIN_1068,28.601085,77.315196,Shahdara South (Mayur Vihar),waste_basket,MCD-ShahdaraSouth,1000,Recyclable/Dry,45.8,3.0,10.94,19.01,87.4,18.1,0.427,0.841,0.43,0.38,11
BIN_1069,28.655672,77.206742,Central / NDMC,waste_basket,NDMC,800,Organic/Wet,82.9,5.12,9.84,11.31,9.9,3.3,0.762,0.29,0.386,0.391,0
BIN_1070,28.531056,77.198081,South (Saket / Hauz Khas),waste_basket,MCD-South,1000,Recyclable/Dry,26.5,3.53,4.18,21.28,86.9,20.8,0.311,0.887,0.164,0.389,1
BIN_1071,28.572317,77.297228,South-East (Lajpat / Okhla),waste_basket,MCD-SouthEast,1000,Recyclable/Dry,22.1,3.97,8.54,20.19,90.4,19.6,0.295,0.882,0.335,0.345,2
BIN_1072,28.615822,77.040426,South-West (Dwarka),waste_disposal,MCD-SouthWest,2500,Mixed Municipal,36.8,6.49,17.42,14.74,26.4,9.7,0.487,0.446,0.684,0.241,3
BIN_1073,28.617149,77.097286,West (Janakpuri / Rajouri),waste_disposal,MCD-West,2000,Mixed Municipal,29.8,5.78,12.33,13.22,38.0,12.1,0.413,0.471,0.484,0.251,4
BIN_1074,28.644399,77.164006,Karol Bagh / Patel Nagar,waste_basket,MCD-KarolBagh,1000,Recyclable/Dry,62.5,3.24,9.69,20.1,77.3,11.6,0.552,0.814,0.38,0.444,5
BIN_1075,28.65178,77.209217,North / Civil Lines,waste_disposal,MCD-North,2500,Mixed Municipal,47.7,8.23,9.41,13.76,26.1,6.4,0.625,0.423,0.369,0.366,6
BIN_1076,28.704337,77.131804,Rohini / Pitampura,waste_basket,MCD-Rohini,1000,Recyclable/Dry,62.4,4.58,17.05,22.87,75.7,8.2,0.599,0.865,0.669,0.425,7
BIN_1077,28.702377,77.204312,Keshavpuram / Shalimar,waste_disposal,MCD-Keshavpuram,2000,Mixed Municipal,86.7,5.43,15.04,14.32,34.8,2.4,0.799,0.479,0.59,0.425,8
BIN_1078,28.667298,77.210624,City / Chandni Chowk,waste_basket,MCD-CitySP,800,Organic/Wet,21.0,5.13,11.13,11.25,8.5,15.4,0.329,0.282,0.437,0.162,9
BIN_1079,28.674784,77.296063,Shahdara North,waste_basket,MCD-ShahdaraNorth,1000,Recyclable/Dry,69.9,4.35,14.62,22.52,84.6,6.9,0.643,0.902,0.574,0.478,10
BIN_1080,28.629513,77.291163,Shahdara South (Mayur Vihar),waste_basket,MCD-ShahdaraSouth,1000,Recyclable/Dry,40.1,3.45,10.53,21.36,87.7,17.4,0.403,0.893,0.413,0.387,11
BIN_1081,28.648741,77.203456,Central / NDMC,recycling,NDMC,1000,Recyclable/Dry,23.2,4.76,9.09,21.23,86.2,16.1,0.331,0.883,0.357,0.359,0
BIN_1082,28.535867,77.188952,South (Saket / Hauz Khas),waste_disposal,MCD-South,2500,Mixed Municipal,35.2,7.32,4.05,13.03,27.3,8.9,0.506,0.414,0.159,0.345,1
BIN_1083,28.604081,77.244986,South-East (Lajpat / Okhla),waste_disposal,MCD-SouthEast,2500,Mixed Municipal,22.4,6.88,5.34,15.07,31.4,11.3,0.4,0.478,0.21,0.302,2
BIN_1084,28.58225,77.041314,South-West (Dwarka),recycling,MCD-SouthWest,1000,Recyclable/Dry,92.5,3.06,16.56,22.54,82.8,2.5,0.756,0.894,0.65,0.516,3
BIN_1085,28.614933,77.078277,West (Janakpuri / Rajouri),waste_basket,MCD-West,1000,Recyclable/Dry,92.9,3.1,13.91,23.22,75.1,2.3,0.76,0.87,0.546,0.532,4
BIN_1086,28.667663,77.194485,Karol Bagh / Patel Nagar,waste_basket,MCD-KarolBagh,1000,Recyclable/Dry,97.4,2.69,11.27,23.47,86.5,1.0,0.777,0.932,0.442,0.58,5
BIN_1087,28.657257,77.210148,North / Civil Lines,waste_basket,MCD-North,800,Organic/Wet,52.3,3.5,10.01,11.11,5.9,13.6,0.49,0.266,0.393,0.246,6
BIN_1088,28.718243,77.13728,Rohini / Pitampura,recycling,MCD-Rohini,1000,Recyclable/Dry,28.6,2.9,18.23,19.93,79.8,24.6,0.303,0.823,0.716,0.255,7
BIN_1089,28.708277,77.14896,Keshavpuram / Shalimar,waste_disposal,MCD-Keshavpuram,2000,Mixed Municipal,38.8,5.56,16.78,14.3,34.2,11.0,0.469,0.475,0.659,0.245,8
BIN_1090,28.671545,77.231229,City / Chandni Chowk,waste_basket,MCD-CitySP,800,Organic/Wet,16.2,3.97,11.79,11.71,13.1,21.1,0.254,0.315,0.463,0.129,9
BIN_1091,28.696397,77.25361,Shahdara North,waste_basket,MCD-ShahdaraNorth,1000,Recyclable/Dry,37.8,4.0,14.98,20.63,84.4,15.6,0.406,0.861,0.588,0.344,10
BIN_1092,28.63316,77.291782,Shahdara South (Mayur Vihar),recycling,MCD-ShahdaraSouth,1000,Recyclable/Dry,42.6,3.53,10.84,22.81,84.6,16.3,0.423,0.908,0.426,0.399,11
BIN_1093,28.612316,77.222105,Central / NDMC,waste_basket,NDMC,800,Organic/Wet,23.2,3.94,5.15,12.5,6.9,19.5,0.302,0.3,0.202,0.201,0
BIN_1094,28.552269,77.227473,South (Saket / Hauz Khas),waste_basket,MCD-South,1000,Recyclable/Dry,94.5,4.55,2.38,21.18,88.4,1.2,0.823,0.893,0.093,0.66,1
BIN_1095,28.571482,77.282698,South-East (Lajpat / Okhla),waste_basket,MCD-SouthEast,1000,Recyclable/Dry,82.0,4.17,7.12,19.0,75.9,4.3,0.722,0.784,0.28,0.54,2
BIN_1096,28.581897,77.046239,South-West (Dwarka),waste_basket,MCD-SouthWest,800,Organic/Wet,81.4,5.93,16.07,12.37,11.0,3.1,0.78,0.318,0.631,0.359,3
BIN_1097,28.6173,77.100262,West (Janakpuri / Rajouri),waste_basket,MCD-West,1000,Recyclable/Dry,39.1,4.91,12.08,21.09,77.1,12.4,0.448,0.834,0.474,0.379,4
BIN_1098,28.646415,77.209489,Karol Bagh / Patel Nagar,waste_basket,MCD-KarolBagh,1000,Recyclable/Dry,23.8,3.48,8.81,23.18,81.2,21.9,0.29,0.899,0.346,0.346,5
BIN_1099,28.663151,77.240377,North / Civil Lines,waste_basket,MCD-North,800,Organic/Wet,57.7,5.74,11.07,11.68,12.2,7.4,0.607,0.31,0.435,0.31,6
BIN_1100,28.728626,77.10725,Rohini / Pitampura,waste_basket,MCD-Rohini,1000,Recyclable/Dry,50.8,4.64,20.56,21.04,81.8,10.6,0.52,0.857,0.807,0.356,7
BIN_1101,28.71782,77.144281,Keshavpuram / Shalimar,waste_basket,MCD-Keshavpuram,1000,Recyclable/Dry,97.3,4.34,17.93,19.04,83.6,0.6,0.835,0.823,0.704,0.524,8
BIN_1102,28.629289,77.255763,City / Chandni Chowk,waste_basket,MCD-CitySP,800,Organic/Wet,31.7,4.2,8.22,12.25,13.1,16.3,0.371,0.326,0.323,0.219,9
BIN_1103,28.669676,77.304741,Shahdara North,waste_basket,MCD-ShahdaraNorth,1000,Recyclable/Dry,75.8,3.57,14.68,19.26,79.5,6.8,0.657,0.807,0.576,0.455,10
BIN_1104,28.593955,77.279117,Shahdara South (Mayur Vihar),waste_basket,MCD-ShahdaraSouth,1000,Recyclable/Dry,73.4,3.71,7.38,20.89,78.1,7.2,0.645,0.835,0.29,0.515,11
BIN_1105,28.629901,77.192182,Central / NDMC,waste_disposal,NDMC,2500,Mixed Municipal,27.4,5.93,7.19,15.33,28.1,12.2,0.402,0.467,0.282,0.284,0
BIN_1106,28.478333,77.220604,South (Saket / Hauz Khas),waste_disposal,MCD-South,2000,Mixed Municipal,24.3,6.43,9.94,15.09,36.3,11.8,0.398,0.503,0.39,0.272,1
BIN_1107,28.570497,77.255719,South-East (Lajpat / Okhla),waste_basket,MCD-SouthEast,1000,Recyclable/Dry,67.2,4.65,4.48,20.91,86.6,7.1,0.635,0.878,0.176,0.546,2
BIN_1108,28.603613,77.059689,South-West (Dwarka),waste_basket,MCD-SouthWest,800,Organic/Wet,90.0,4.63,15.22,11.05,13.0,2.2,0.794,0.3,0.598,0.368,3
BIN_1109,28.632827,77.097194,West (Janakpuri / Rajouri),waste_basket,MCD-West,1000,Recyclable/Dry,23.2,3.83,13.21,22.28,86.4,20.1,0.298,0.906,0.519,0.317,4
BIN_1110,28.655884,77.195289,Karol Bagh / Patel Nagar,waste_basket,MCD-KarolBagh,1000,Recyclable/Dry,69.5,3.87,9.97,22.75,89.9,7.9,0.624,0.934,0.391,0.514,5
BIN_1111,28.65929,77.208381,North / Civil Lines,waste_disposal,MCD-North,2000,Mixed Municipal,25.7,6.21,10.24,13.8,26.4,12.0,0.4,0.426,0.402,0.247,6
BIN_1112,28.713851,77.127674,Rohini / Pitampura,waste_basket,MCD-Rohini,1000,Recyclable/Dry,82.4,3.28,18.18,22.33,83.5,5.4,0.693,0.893,0.714,0.472,7
BIN_1113,28.70044,77.175872,Keshavpuram / Shalimar,waste_basket,MCD-Keshavpuram,1000,Recyclable/Dry,34.0,2.84,15.19,21.33,88.0,23.2,0.339,0.894,0.596,0.318,8
BIN_1114,28.648052,77.259761,City / Chandni Chowk,waste_basket,MCD-CitySP,800,Organic/Wet,59.9,4.58,10.22,10.51,13.2,8.8,0.582,0.29,0.401,0.297,9
BIN_1115,28.702163,77.302851,Shahdara North,recycling,MCD-ShahdaraNorth,1000,Recyclable/Dry,68.3,4.88,17.53,21.16,81.8,6.5,0.651,0.859,0.688,0.446,10
BIN_1116,28.602028,77.29368,Shahdara South (Mayur Vihar),waste_disposal,MCD-ShahdaraSouth,1500,Mixed Municipal,21.3,4.95,9.04,15.13,31.2,15.9,0.324,0.478,0.355,0.235,11
BIN_1117,28.656911,77.224662,Central / NDMC,waste_disposal,NDMC,2500,Mixed Municipal,26.0,5.91,10.08,13.42,30.7,12.5,0.391,0.439,0.396,0.248,0
BIN_1118,28.525959,77.24369,South (Saket / Hauz Khas),waste_disposal,MCD-South,1500,Mixed Municipal,50.6,5.71,5.64,15.09,37.6,8.7,0.556,0.509,0.221,0.387,1
BIN_1119,28.549412,77.258124,South-East (Lajpat / Okhla),waste_basket,MCD-SouthEast,1000,Recyclable/Dry,21.9,3.1,5.1,23.23,79.1,25.2,0.263,0.89,0.2,0.358,2
BIN_1120,28.594133,77.059113,South-West (Dwarka),waste_basket,MCD-SouthWest,800,Organic/Wet,18.2,5.36,15.03,12.32,8.5,15.3,0.317,0.305,0.59,0.132,3
BIN_1121,28.636324,77.078883,West (Janakpuri / Rajouri),waste_disposal,MCD-West,1500,Mixed Municipal,23.4,7.84,14.93,13.97,30.2,9.8,0.441,0.448,0.586,0.238,4
BIN_1122,28.634219,77.205132,Karol Bagh / Patel Nagar,waste_basket,MCD-KarolBagh,1000,Recyclable/Dry,16.7,4.27,7.47,19.33,85.3,19.5,0.268,0.838,0.293,0.327,5
BIN_1123,28.692654,77.207405,North / Civil Lines,waste_basket,MCD-North,800,Organic/Wet,21.3,4.71,13.95,12.22,12.0,16.7,0.316,0.32,0.548,0.144,6
BIN_1124,28.725276,77.141783,Rohini / Pitampura,waste_basket,MCD-Rohini,1000,Recyclable/Dry,67.8,3.15,18.8,18.55,88.7,10.2,0.586,0.838,0.738,0.397,7
BIN_1125,28.711203,77.15849,Keshavpuram / Shalimar,waste_disposal,MCD-Keshavpuram,2000,Mixed Municipal,80.1,7.15,16.78,14.12,33.1,2.8,0.814,0.466,0.659,0.415,8
BIN_1126,28.675206,77.209033,City / Chandni Chowk,waste_basket,MCD-CitySP,800,Organic/Wet,16.7,5.69,12.01,12.37,8.8,14.6,0.318,0.307,0.472,0.157,9
BIN_1127,28.683446,77.258083,Shahdara North,waste_disposal,MCD-ShahdaraNorth,1500,Mixed Municipal,53.5,5.59,13.75,13.76,32.0,8.3,0.572,0.453,0.54,0.314,10
BIN_1128,28.610985,77.318386,Shahdara South (Mayur Vihar),waste_basket,MCD-ShahdaraSouth,1000,Recyclable/Dry,38.6,2.54,11.65,20.52,82.8,24.2,0.36,0.851,0.457,0.344,11
BIN_1129,28.658805,77.18949,Central / NDMC,waste_basket,NDMC,800,Organic/Wet,91.7,4.23,10.38,11.18,8.9,2.0,0.792,0.282,0.408,0.399,0
BIN_1130,28.51955,77.20686,South (Saket / Hauz Khas),waste_basket,MCD-South,1000,Recyclable/Dry,19.8,4.51,5.31,23.36,78.8,17.8,0.298,0.891,0.208,0.375,1
BIN_1131,28.56508,77.260455,South-East (Lajpat / Okhla),waste_basket,MCD-SouthEast,1000,Recyclable/Dry,17.7,3.24,4.93,20.53,82.8,25.4,0.239,0.851,0.194,0.336,2
BIN_1132,28.602162,77.091053,South-West (Dwarka),waste_basket,MCD-SouthWest,800,Organic/Wet,77.7,4.95,12.25,10.58,14.9,4.5,0.719,0.3,0.481,0.353,3
BIN_1133,28.621007,77.085311,West (Janakpuri / Rajouri),waste_basket,MCD-West,1000,Recyclable/Dry,37.9,4.14,13.56,20.1,89.3,15.0,0.412,0.874,0.532,0.362,4
BIN_1134,28.642527,77.173142,Karol Bagh / Patel Nagar,waste_basket,MCD-KarolBagh,1000,Recyclable/Dry,75.1,4.92,9.12,21.82,84.0,5.1,0.7,0.884,0.358,0.544,5
BIN_1135,28.677742,77.219499,North / Civil Lines,waste_basket,MCD-North,800,Organic/Wet,42.1,4.43,12.33,10.82,12.9,13.1,0.452,0.295,0.484,0.217,6
BIN_1136,28.718451,77.108911,Rohini / Pitampura,waste_basket,MCD-Rohini,1000,Recyclable/Dry,78.5,2.71,19.5,22.42,84.9,7.9,0.645,0.902,0.766,0.44,7
BIN_1137,28.694027,77.147115,Keshavpuram / Shalimar,waste_basket,MCD-Keshavpuram,1000,Recyclable/Dry,58.8,3.89,15.38,22.26,90.5,10.6,0.549,0.926,0.604,0.432,8
BIN_1138,28.660671,77.251518,City / Chandni Chowk,waste_basket,MCD-CitySP,800,Organic/Wet,67.0,5.37,11.16,11.64,5.5,6.1,0.659,0.275,0.438,0.325,9
BIN_1139,28.684615,77.302028,Shahdara North,waste_basket,MCD-ShahdaraNorth,1000,Recyclable/Dry,38.3,3.1,15.85,20.03,86.1,19.9,0.378,0.857,0.622,0.321,10
BIN_1140,28.617596,77.322929,Shahdara South (Mayur Vihar),waste_basket,MCD-ShahdaraSouth,1000,Recyclable/Dry,76.2,3.22,12.37,20.09,87.4,7.4,0.647,0.864,0.486,0.486,11
BIN_1141,28.585472,77.206133,Central / NDMC,waste_basket,NDMC,800,Organic/Wet,37.9,5.77,2.07,11.75,6.3,10.8,0.47,0.282,0.081,0.303,0
BIN_1142,28.540812,77.196762,South (Saket / Hauz Khas),waste_basket,MCD-South,1000,Recyclable/Dry,52.9,4.13,3.21,19.0,91.4,11.4,0.517,0.861,0.126,0.491,1
BIN_1143,28.54309,77.242778,South-East (Lajpat / Okhla),recycling,MCD-SouthEast,1000,Recyclable/Dry,54.7,3.71,4.18,19.17,80.4,12.2,0.514,0.81,0.164,0.467,2
BIN_1144,28.57252,77.043925,South-West (Dwarka),waste_basket,MCD-SouthWest,800,Organic/Wet,77.9,3.84,16.23,11.01,14.1,5.8,0.681,0.305,0.637,0.305,3
BIN_1145,28.640422,77.097098,West (Janakpuri / Rajouri),waste_disposal,MCD-West,1500,Mixed Municipal,75.9,5.56,13.7,13.56,32.0,4.3,0.728,0.449,0.538,0.391,4
BIN_1146,28.664807,77.196532,Karol Bagh / Patel Nagar,waste_basket,MCD-KarolBagh,1000,Recyclable/Dry,51.4,3.73,10.93,23.08,80.0,13.0,0.492,0.891,0.429,0.427,5
BIN_1147,28.674555,77.249541,North / Civil Lines,recycling,MCD-North,1000,Recyclable/Dry,85.9,2.68,12.55,23.01,89.8,5.3,0.696,0.939,0.493,0.531,6
BIN_1148,28.710328,77.119271,Rohini / Pitampura,waste_basket,MCD-Rohini,1000,Recyclable/Dry,95.8,3.87,18.21,19.01,75.2,1.1,0.808,0.78,0.715,0.495,7
BIN_1149,28.717585,77.119505,Keshavpuram / Shalimar,recycling,MCD-Keshavpuram,1000,Recyclable/Dry,62.3,3.87,18.91,19.78,89.6,9.7,0.573,0.869,0.742,0.399,8
BIN_1150,28.662037,77.195352,City / Chandni Chowk,waste_basket,MCD-CitySP,800,Organic/Wet,45.5,6.16,10.64,12.03,7.8,8.8,0.537,0.295,0.418,0.273,9
BIN_1151,28.69093,77.269912,Shahdara North,waste_basket,MCD-ShahdaraNorth,1000,Recyclable/Dry,16.9,4.45,14.95,22.27,91.5,18.7,0.276,0.931,0.587,0.3,10
BIN_1152,28.63694,77.315469,Shahdara South (Mayur Vihar),waste_disposal,MCD-ShahdaraSouth,2000,Mixed Municipal,82.4,5.15,12.89,14.67,37.9,3.4,0.759,0.502,0.506,0.429,11
BIN_1153,28.635657,77.201788,Central / NDMC,waste_basket,NDMC,800,Organic/Wet,74.8,3.63,7.65,11.6,5.5,6.9,0.652,0.274,0.3,0.348,0
BIN_1154,28.500044,77.199942,South (Saket / Hauz Khas),waste_basket,MCD-South,1000,Recyclable/Dry,21.6,4.51,7.53,21.85,75.0,17.4,0.311,0.84,0.296,0.348,1
BIN_1155,28.560981,77.238133,South-East (Lajpat / Okhla),waste_basket,MCD-SouthEast,1000,Recyclable/Dry,68.3,4.91,2.83,20.27,80.5,6.5,0.652,0.834,0.111,0.554,2
BIN_1156,28.591259,77.039113,South-West (Dwarka),waste_disposal,MCD-SouthWest,2000,Mixed Municipal,69.7,8.47,16.9,14.08,36.5,3.6,0.788,0.482,0.664,0.406,3
BIN_1157,28.63082,77.10503,West (Janakpuri / Rajouri),waste_disposal,MCD-West,1500,Mixed Municipal,84.9,8.29,12.45,14.36,29.3,1.8,0.888,0.452,0.489,0.482,4
BIN_1158,28.645642,77.194341,Karol Bagh / Patel Nagar,waste_basket,MCD-KarolBagh,1000,Recyclable/Dry,28.2,4.95,8.86,20.96,77.7,14.5,0.373,0.834,0.348,0.367,5
BIN_1159,28.647358,77.218932,North / Civil Lines,waste_basket,MCD-North,800,Organic/Wet,88.7,4.32,8.96,10.76,9.3,2.6,0.774,0.275,0.352,0.399,6
BIN_1160,28.70662,77.131158,Rohini / Pitampura,waste_disposal,MCD-Rohini,2000,Mixed Municipal,36.9,7.58,17.31,13.38,31.6,8.3,0.527,0.443,0.68,0.26,7
BIN_1161,28.695772,77.167221,Keshavpuram / Shalimar,waste_basket,MCD-Keshavpuram,1000,Recyclable/Dry,65.4,3.08,14.89,20.1,89.7,11.2,0.567,0.876,0.585,0.429,8
BIN_1162,28.630785,77.222378,City / Chandni Chowk,waste_disposal,MCD-CitySP,2000,Mixed Municipal,62.6,5.26,7.17,13.54,36.1,7.1,0.625,0.469,0.282,0.397,9
BIN_1163,28.691181,77.277792,Shahdara North,recycling,MCD-ShahdaraNorth,1000,Recyclable/Dry,19.1,3.09,15.29,21.09,81.0,26.2,0.243,0.854,0.6,0.258,10
BIN_1164,28.625437,77.277659,Shahdara South (Mayur Vihar),waste_basket,MCD-ShahdaraSouth,1000,Recyclable/Dry,55.6,4.23,9.25,23.22,81.7,10.5,0.539,0.903,0.363,0.468,11
BIN_1165,28.602692,77.208203,Central / NDMC,waste_basket,NDMC,800,Organic/Wet,42.3,6.32,3.95,11.44,12.1,9.1,0.52,0.304,0.155,0.32,0
BIN_1166,28.524328,77.195912,South (Saket / Hauz Khas),waste_basket,MCD-South,1000,Recyclable/Dry,93.5,4.96,4.96,19.34,87.9,1.3,0.83,0.851,0.195,0.631,1
BIN_1167,28.572128,77.255712,South-East (Lajpat / Okhla),waste_basket,MCD-SouthEast,1000,Recyclable/Dry,54.9,4.62,4.5,20.77,84.2,9.8,0.548,0.863,0.177,0.498,2
BIN_1168,28.590232,77.003913,South-West (Dwarka),waste_basket,MCD-SouthWest,800,Organic/Wet,67.6,5.52,20.29,10.88,14.0,5.9,0.669,0.301,0.797,0.265,3
BIN_1169,28.632984,77.071247,West (Janakpuri / Rajouri),waste_basket,MCD-West,1000,Recyclable/Dry,63.9,3.51,15.39,18.89,84.0,10.3,0.572,0.822,0.604,0.412,4
BIN_1170,28.649276,77.175528,Karol Bagh / Patel Nagar,waste_basket,MCD-KarolBagh,1000,Recyclable/Dry,42.0,4.22,9.73,23.44,84.5,13.7,0.443,0.921,0.382,0.422,5
BIN_1171,28.672447,77.19256,North / Civil Lines,waste_basket,MCD-North,800,Organic/Wet,38.1,5.11,11.83,10.55,13.1,12.1,0.448,0.29,0.464,0.218,6
BIN_1172,28.719105,77.127789,Rohini / Pitampura,waste_basket,MCD-Rohini,1000,Recyclable/Dry,48.6,3.93,18.7,18.83,86.7,13.1,0.479,0.834,0.734,0.343,7
BIN_1173,28.676185,77.150357,Keshavpuram / Shalimar,waste_basket,MCD-Keshavpuram,1000,Recyclable/Dry,50.2,3.99,13.44,23.35,78.0,12.5,0.493,0.887,0.528,0.407,8
BIN_1174,28.626301,77.223977,City / Chandni Chowk,waste_disposal,MCD-CitySP,1500,Mixed Municipal,31.0,5.7,6.71,14.72,38.0,12.1,0.419,0.503,0.263,0.308,9
BIN_1175,28.688484,77.268019,Shahdara North,waste_basket,MCD-ShahdaraNorth,1000,Recyclable/Dry,61.0,2.87,14.63,19.44,86.1,13.6,0.529,0.844,0.574,0.403,10
BIN_1176,28.638536,77.304193,Shahdara South (Mayur Vihar),waste_basket,MCD-ShahdaraSouth,1000,Recyclable/Dry,30.2,3.04,12.14,22.94,87.0,23.0,0.319,0.923,0.477,0.341,11
BIN_1177,28.648161,77.201526,Central / NDMC,waste_disposal,NDMC,2500,Mixed Municipal,25.6,5.62,9.04,13.53,28.4,13.2,0.378,0.43,0.355,0.247,0
BIN_1178,28.514867,77.21035,South (Saket / Hauz Khas),waste_basket,MCD-South,1000,Recyclable/Dry,61.3,4.27,5.82,21.72,80.8,9.1,0.58,0.866,0.229,0.504,1
BIN_1179,28.57946,77.237173,South-East (Lajpat / Okhla),waste_basket,MCD-SouthEast,1000,Recyclable/Dry,65.1,3.17,2.98,21.18,82.4,11.0,0.568,0.863,0.117,0.519,2
BIN_1180,28.569918,77.076101,South-West (Dwarka),waste_basket,MCD-SouthWest,800,Organic/Wet,90.8,4.6,13.08,11.01,9.8,2.0,0.799,0.283,0.514,0.382,3
BIN_1181,28.608841,77.060351,West (Janakpuri / Rajouri),waste_basket,MCD-West,1000,Recyclable/Dry,42.7,4.04,15.33,22.68,86.1,14.2,0.442,0.913,0.602,0.375,4
BIN_1182,28.651963,77.210352,Karol Bagh / Patel Nagar,waste_basket,MCD-KarolBagh,1000,Recyclable/Dry,87.3,2.53,9.43,20.99,86.3,5.0,0.701,0.878,0.37,0.54,5
BIN_1183,28.651553,77.210552,North / Civil Lines,waste_basket,MCD-North,800,Organic/Wet,71.3,4.71,9.38,11.38,10.0,6.1,0.666,0.292,0.368,0.347,6
BIN_1184,28.721986,77.114239,Rohini / Pitampura,waste_basket,MCD-Rohini,1000,Recyclable/Dry,43.0,3.49,19.58,22.54,76.9,16.3,0.425,0.864,0.769,0.318,7
BIN_1185,28.710929,77.16477,Keshavpuram / Shalimar,waste_basket,MCD-Keshavpuram,1000,Recyclable/Dry,70.5,3.03,16.58,18.86,89.5,9.7,0.601,0.849,0.651,0.425,8
BIN_1186,28.669384,77.233203,City / Chandni Chowk,waste_basket,MCD-CitySP,800,Organic/Wet,49.4,6.34,11.59,10.76,10.6,8.0,0.57,0.282,0.455,0.279,9
BIN_1187,28.699335,77.255129,Shahdara North,recycling,MCD-ShahdaraNorth,1000,Recyclable/Dry,24.4,2.56,15.34,22.68,91.9,29.5,0.261,0.942,0.602,0.293,10
BIN_1188,28.630415,77.307859,Shahdara South (Mayur Vihar),waste_basket,MCD-ShahdaraSouth,1000,Recyclable/Dry,45.7,2.64,11.86,19.7,88.4,20.6,0.413,0.861,0.466,0.372,11
BIN_1189,28.672276,77.21151,Central / NDMC,waste_disposal,NDMC,2000,Mixed Municipal,85.2,5.6,11.68,14.97,35.9,2.6,0.795,0.498,0.459,0.455,0
BIN_1190,28.499841,77.19722,South (Saket / Hauz Khas),waste_basket,MCD-South,1000,Recyclable/Dry,55.9,3.64,7.59,22.68,77.5,12.1,0.52,0.87,0.298,0.462,1
BIN_1191,28.573455,77.266822,South-East (Lajpat / Okhla),waste_basket,MCD-SouthEast,1000,Recyclable/Dry,77.1,3.54,5.59,22.87,88.1,6.5,0.665,0.927,0.219,0.567,2
BIN_1192,28.591365,77.055921,South-West (Dwarka),waste_basket,MCD-SouthWest,800,Organic/Wet,62.5,3.82,15.28,12.38,11.0,9.8,0.573,0.318,0.6,0.262,3
BIN_1193,28.647214,77.086434,West (Janakpuri / Rajouri),waste_basket,MCD-West,1000,Recyclable/Dry,34.3,3.86,14.99,19.78,86.5,17.0,0.377,0.853,0.589,0.327,4
BIN_1194,28.67026,77.195882,Karol Bagh / Patel Nagar,waste_basket,MCD-KarolBagh,1000,Recyclable/Dry,47.6,3.23,11.54,21.65,80.9,16.2,0.448,0.865,0.453,0.393,5
BIN_1195,28.696408,77.214137,North / Civil Lines,waste_basket,MCD-North,800,Organic/Wet,66.7,6.35,14.37,11.97,5.9,5.2,0.692,0.284,0.564,0.318,6
BIN_1196,28.698878,77.134865,Rohini / Pitampura,waste_basket,MCD-Rohini,1000,Recyclable/Dry,67.3,3.72,16.38,19.62,90.9,8.8,0.603,0.872,0.643,0.434,7
BIN_1197,28.683159,77.185954,Keshavpuram / Shalimar,waste_disposal,MCD-Keshavpuram,1500,Mixed Municipal,49.6,7.2,13.11,13.3,33.0,7.0,0.602,0.448,0.515,0.333,8
BIN_1198,28.653082,77.261731,City / Chandni Chowk,waste_basket,MCD-CitySP,800,Organic/Wet,89.3,5.67,10.8,10.88,13.4,1.9,0.826,0.298,0.424,0.418,9
BIN_1199,28.669425,77.293538,Shahdara North,waste_basket,MCD-ShahdaraNorth,1000,Recyclable/Dry,30.6,4.18,13.99,23.02,80.4,16.6,0.362,0.892,0.549,0.339,10
BIN_1200,28.590224,77.32118,Shahdara South (Mayur Vihar),waste_basket,MCD-ShahdaraSouth,1000,Recyclable/Dry,48.0,4.75,11.15,20.07,78.0,10.9,0.504,0.817,0.438,0.41,11
BIN_1201,28.624083,77.177959,Central / NDMC,waste_basket,NDMC,800,Organic/Wet,86.5,4.81,7.06,11.99,14.7,2.8,0.776,0.329,0.277,0.431,0
BIN_1202,28.506737,77.210673,South (Saket / Hauz Khas),waste_basket,MCD-South,1000,Recyclable/Dry,51.6,4.72,6.72,21.07,86.1,10.3,0.528,0.879,0.264,0.475,1
BIN_1203,28.571442,77.267186,South-East (Lajpat / Okhla),waste_basket,MCD-SouthEast,1000,Recyclable/Dry,70.4,4.96,5.6,21.52,80.5,6.0,0.668,0.86,0.22,0.548,2
BIN_1204,28.590438,77.040753,South-West (Dwarka),waste_basket,MCD-SouthWest,800,Organic/Wet,42.6,4.85,16.73,10.61,5.2,11.8,0.47,0.252,0.657,0.179,3
BIN_1205,28.605191,77.078753,West (Janakpuri / Rajouri),waste_basket,MCD-West,1000,Recyclable/Dry,41.5,3.0,13.49,21.95,83.7,19.5,0.397,0.886,0.53,0.358,4
BIN_1206,28.640683,77.19346,Karol Bagh / Patel Nagar,waste_basket,MCD-KarolBagh,1000,Recyclable/Dry,77.5,4.38,8.33,18.87,88.8,5.1,0.698,0.845,0.327,0.537,5
BIN_1207,28.695711,77.244633,North / Civil Lines,waste_basket,MCD-North,800,Organic/Wet,79.6,5.36,14.68,11.78,5.4,3.8,0.747,0.278,0.576,0.342,6
BIN_1208,28.680787,77.115901,Rohini / Pitampura,waste_basket,MCD-Rohini,1000,Recyclable/Dry,43.4,4.68,15.62,21.71,86.8,12.1,0.47,0.896,0.613,0.381,7
BIN_1209,28.699718,77.188005,Keshavpuram / Shalimar,waste_disposal,MCD-Keshavpuram,2500,Mixed Municipal,58.4,8.24,14.89,15.47,32.7,5.0,0.701,0.493,0.585,0.381,8
BIN_1210,28.635277,77.21386,City / Chandni Chowk,recycling,MCD-CitySP,1000,Recyclable/Dry,76.4,3.89,7.58,19.36,84.9,6.1,0.673,0.836,0.298,0.528,9
BIN_1211,28.657795,77.284094,Shahdara North,waste_basket,MCD-ShahdaraNorth,1000,Recyclable/Dry,76.3,3.92,12.4,21.6,87.2,6.0,0.673,0.896,0.487,0.508,10
BIN_1212,28.597512,77.304624,Shahdara South (Mayur Vihar),waste_basket,MCD-ShahdaraSouth,1000,Recyclable/Dry,74.0,3.16,9.84,22.72,90.3,8.2,0.63,0.935,0.386,0.518,11
BIN_1213,28.656033,77.216594,Central / NDMC,waste_disposal,NDMC,2500,Mixed Municipal,84.8,6.65,9.9,14.39,36.4,2.3,0.829,0.488,0.389,0.483,0
BIN_1214,28.522973,77.200605,South (Saket / Hauz Khas),waste_basket,MCD-South,1000,Recyclable/Dry,33.5,4.89,5.0,20.74,76.2,13.6,0.408,0.822,0.196,0.411,1
BIN_1215,28.565667,77.273902,South-East (Lajpat / Okhla),recycling,MCD-SouthEast,1000,Recyclable/Dry,77.1,2.51,6.24,21.27,90.8,9.1,0.629,0.907,0.245,0.537,2
BIN_1216,28.589659,77.030319,South-West (Dwarka),recycling,MCD-SouthWest,1000,Recyclable/Dry,15.1,2.85,17.72,21.21,84.0,29.8,0.207,0.871,0.696,0.226,3
BIN_1217,28.640293,77.090504,West (Janakpuri / Rajouri),waste_basket,MCD-West,1000,Recyclable/Dry,28.6,4.01,14.22,21.83,76.3,17.8,0.342,0.846,0.558,0.313,4
BIN_1218,28.63797,77.209831,Karol Bagh / Patel Nagar,waste_basket,MCD-KarolBagh,1000,Recyclable/Dry,40.1,4.35,7.87,21.5,77.9,13.8,0.435,0.847,0.309,0.41,5
BIN_1219,28.667092,77.230859,North / Civil Lines,waste_basket,MCD-North,800,Organic/Wet,77.1,4.24,11.29,10.76,9.3,5.4,0.69,0.275,0.443,0.339,6
BIN_1220,28.722679,77.109606,Rohini / Pitampura,waste_disposal,MCD-Rohini,2500,Mixed Municipal,86.9,8.24,19.87,13.2,33.7,1.6,0.9,0.449,0.78,0.429,7
BIN_1221,28.694918,77.167608,Keshavpuram / Shalimar,waste_disposal,MCD-Keshavpuram,2500,Mixed Municipal,73.8,6.52,14.79,13.26,35.8,4.0,0.748,0.461,0.581,0.396,8
BIN_1222,28.638567,77.209651,City / Chandni Chowk,waste_basket,MCD-CitySP,800,Organic/Wet,89.5,5.91,7.94,10.55,8.4,1.8,0.836,0.266,0.312,0.436,9
BIN_1223,28.641915,77.305073,Shahdara North,waste_basket,MCD-ShahdaraNorth,1000,Recyclable/Dry,55.6,4.86,12.46,22.9,75.2,9.1,0.561,0.863,0.489,0.442,10
BIN_1224,28.621561,77.296638,Shahdara South (Mayur Vihar),waste_basket,MCD-ShahdaraSouth,1000,Recyclable/Dry,50.6,3.05,10.4,21.41,84.3,16.2,0.462,0.877,0.408,0.413,11
BIN_1225,28.648258,77.222073,Central / NDMC,waste_basket,NDMC,800,Organic/Wet,36.9,4.2,9.09,12.37,6.6,15.0,0.407,0.296,0.357,0.221,0
BIN_1226,28.535269,77.214673,South (Saket / Hauz Khas),waste_basket,MCD-South,1000,Recyclable/Dry,23.6,2.64,3.58,18.6,78.8,28.9,0.259,0.79,0.141,0.338,1
BIN_1227,28.545464,77.253233,South-East (Lajpat / Okhla),waste_basket,MCD-SouthEast,1000,Recyclable/Dry,62.0,4.76,4.87,19.77,91.0,8.0,0.603,0.876,0.191,0.526,2
BIN_1228,28.573332,77.018415,South-West (Dwarka),waste_basket,MCD-SouthWest,800,Organic/Wet,93.4,6.07,18.72,11.96,9.5,1.1,0.869,0.302,0.735,0.378,3
BIN_1229,28.640368,77.051798,West (Janakpuri / Rajouri),waste_basket,MCD-West,1000,Recyclable/Dry,87.8,3.02,17.46,19.5,82.0,4.0,0.722,0.825,0.686,0.471,4
BIN_1230,28.649045,77.168917,Karol Bagh / Patel Nagar,waste_basket,MCD-KarolBagh,1000,Recyclable/Dry,62.2,4.67,9.95,21.96,81.5,8.1,0.601,0.875,0.391,0.485,5
BIN_1231,28.670494,77.220871,North / Civil Lines,waste_basket,MCD-North,800,Organic/Wet,56.0,6.0,11.53,12.14,11.1,7.3,0.605,0.314,0.453,0.306,6
BIN_1232,28.730645,77.096425,Rohini / Pitampura,waste_disposal,MCD-Rohini,2500,Mixed Municipal,34.2,6.14,21.29,14.24,31.3,10.7,0.457,0.459,0.836,0.199,7
BIN_1233,28.690118,77.154552,Keshavpuram / Shalimar,waste_basket,MCD-Keshavpuram,1000,Recyclable/Dry,41.3,4.07,14.7,19.49,75.2,14.4,0.433,0.791,0.577,0.338,8
BIN_1234,28.631643,77.20563,City / Chandni Chowk,waste_basket,MCD-CitySP,800,Organic/Wet,89.0,6.32,7.18,12.18,5.3,1.7,0.847,0.286,0.282,0.453,9
BIN_1235,28.718779,77.317814,Shahdara North,waste_basket,MCD-ShahdaraNorth,1000,Recyclable/Dry,19.5,2.61,19.87,20.44,86.0,30.8,0.229,0.865,0.78,0.218,10
BIN_1236,28.645096,77.267093,Shahdara South (Mayur Vihar),waste_disposal,MCD-ShahdaraSouth,2500,Mixed Municipal,93.4,6.04,10.3,14.24,36.0,1.1,0.868,0.483,0.404,0.498,11
BIN_1237,28.669147,77.194159,Central / NDMC,waste_disposal,NDMC,2500,Mixed Municipal,85.4,6.46,11.44,15.0,31.6,2.3,0.827,0.477,0.449,0.467,0
BIN_1238,28.523094,77.240438,South (Saket / Hauz Khas),waste_basket,MCD-South,1000,Recyclable/Dry,37.3,3.05,5.74,22.92,84.8,20.6,0.369,0.912,0.225,0.413,1
BIN_1239,28.560853,77.28312,South-East (Lajpat / Okhla),waste_basket,MCD-SouthEast,1000,Recyclable/Dry,19.1,3.84,7.18,22.9,82.0,21.1,0.27,0.897,0.282,0.348,2
BIN_1240,28.580761,77.052488,South-West (Dwarka),waste_basket,MCD-SouthWest,800,Organic/Wet,29.8,5.64,15.46,11.32,11.5,12.4,0.408,0.298,0.607,0.172,3
BIN_1241,28.639584,77.078366,West (Janakpuri / Rajouri),waste_disposal,MCD-West,2500,Mixed Municipal,41.9,7.41,15.16,13.24,26.4,7.8,0.556,0.414,0.595,0.283,4
BIN_1242,28.636651,77.188189,Karol Bagh / Patel Nagar,waste_basket,MCD-KarolBagh,1000,Recyclable/Dry,61.8,2.62,8.01,23.49,90.1,14.6,0.525,0.95,0.314,0.485,5
BIN_1243,28.663909,77.233382,North / Civil Lines,waste_basket,MCD-North,800,Organic/Wet,80.6,6.48,10.99,12.31,14.7,3.0,0.794,0.335,0.431,0.411,6
BIN_1244,28.695992,77.139212,Rohini / Pitampura,waste_basket,MCD-Rohini,1000,Recyclable/Dry,83.6,4.46,15.9,18.89,86.8,3.7,0.743,0.836,0.624,0.498,7
BIN_1245,28.701789,77.187274,Keshavpuram / Shalimar,waste_basket,MCD-Keshavpuram,1000,Recyclable/Dry,17.2,2.82,15.13,23.41,90.3,29.4,0.22,0.95,0.594,0.276,8
BIN_1246,28.663928,77.259227,City / Chandni Chowk,recycling,MCD-CitySP,1000,Recyclable/Dry,16.6,3.15,11.78,19.67,76.4,26.5,0.228,0.801,0.463,0.262,9
BIN_1247,28.668437,77.252417,Shahdara North,waste_basket,MCD-ShahdaraNorth,1000,Recyclable/Dry,77.6,4.04,11.99,19.85,88.7,5.5,0.686,0.866,0.471,0.509,10
BIN_1248,28.584836,77.291324,Shahdara South (Mayur Vihar),waste_basket,MCD-ShahdaraSouth,1000,Recyclable/Dry,69.8,3.24,8.18,20.12,89.3,9.3,0.603,0.875,0.321,0.5,11
BIN_1249,28.635081,77.192092,Central / NDMC,waste_disposal,NDMC,2500,Mixed Municipal,32.4,5.59,7.75,13.79,26.8,12.1,0.425,0.427,0.304,0.28,0
BIN_1250,28.537614,77.204866,South (Saket / Hauz Khas),waste_basket,MCD-South,1000,Recyclable/Dry,91.6,2.74,3.33,22.1,86.7,3.1,0.738,0.904,0.131,0.614,1
BIN_1251,28.53849,77.277612,South-East (Lajpat / Okhla),waste_disposal,MCD-SouthEast,1500,Mixed Municipal,70.8,4.73,7.33,13.23,35.1,6.2,0.663,0.457,0.288,0.411,2
BIN_1252,28.587187,77.065987,South-West (Dwarka),waste_basket,MCD-SouthWest,800,Organic/Wet,37.6,5.91,14.24,11.3,8.0,10.6,0.473,0.28,0.559,0.209,3
BIN_1253,28.616516,77.098405,West (Janakpuri / Rajouri),waste_basket,MCD-West,1000,Recyclable/Dry,76.8,3.64,12.2,20.18,85.0,6.4,0.667,0.854,0.479,0.494,4
BIN_1254,28.660624,77.200217,Karol Bagh / Patel Nagar,waste_basket,MCD-KarolBagh,1000,Recyclable/Dry,87.6,4.48,10.43,21.55,81.4,2.8,0.772,0.866,0.41,0.564,5
BIN_1255,28.687607,77.232132,North / Civil Lines,waste_basket,MCD-North,800,Organic/Wet,52.9,3.66,13.56,12.12,10.3,12.9,0.5,0.309,0.532,0.236,6
BIN_1256,28.718521,77.107743,Rohini / Pitampura,waste_disposal,MCD-Rohini,2500,Mixed Municipal,25.6,5.05,19.56,13.08,38.1,14.7,0.358,0.469,0.768,0.166,7
BIN_1257,28.7092,77.17223,Keshavpuram / Shalimar,waste_basket,MCD-Keshavpuram,1000,Recyclable/Dry,60.8,3.7,16.21,20.18,79.0,10.6,0.557,0.824,0.636,0.398,8
BIN_1258,28.630294,77.243521,City / Chandni Chowk,recycling,MCD-CitySP,1000,Recyclable/Dry,54.9,2.54,7.74,19.35,91.4,17.8,0.474,0.869,0.304,0.437,9
BIN_1259,28.675405,77.248847,Shahdara North,waste_basket,MCD-ShahdaraNorth,1000,Recyclable/Dry,71.9,4.33,12.62,20.68,82.1,6.5,0.657,0.85,0.495,0.484,10
BIN_1260,28.605011,77.312898,Shahdara South (Mayur Vihar),waste_basket,MCD-ShahdaraSouth,1000,Recyclable/Dry,41.0,3.72,10.89,21.43,81.3,15.9,0.419,0.862,0.428,0.383,11
BIN_1261,28.623384,77.198217,Central / NDMC,waste_basket,NDMC,800,Organic/Wet,75.6,6.35,6.35,11.87,11.6,3.8,0.754,0.311,0.249,0.42,0
BIN_1262,28.521825,77.226373,South (Saket / Hauz Khas),waste_basket,MCD-South,1000,Recyclable/Dry,21.9,4.76,5.29,23.38,84.0,16.4,0.322,0.917,0.208,0.395,1
BIN_1263,28.563854,77.235933,South-East (Lajpat / Okhla),waste_basket,MCD-SouthEast,1000,Recyclable/Dry,18.9,3.47,2.56,22.58,91.8,23.4,0.255,0.939,0.101,0.389,2
BIN_1264,28.598692,77.068823,South-West (Dwarka),waste_basket,MCD-SouthWest,800,Organic/Wet,56.5,5.81,14.22,11.49,12.4,7.5,0.601,0.306,0.558,0.281,3
BIN_1265,28.615144,77.117496,West (Janakpuri / Rajouri),waste_basket,MCD-West,1000,Recyclable/Dry,59.0,2.93,10.49,22.16,79.1,14.0,0.517,0.867,0.412,0.436,4
BIN_1266,28.664601,77.164891,Karol Bagh / Patel Nagar,waste_basket,MCD-KarolBagh,1000,Recyclable/Dry,25.5,2.5,11.69,21.77,79.8,29.8,0.267,0.862,0.459,0.3,5
BIN_1267,28.692464,77.209994,North / Civil Lines,waste_basket,MCD-North,800,Organic/Wet,20.3,5.54,13.93,12.44,8.7,14.4,0.338,0.308,0.547,0.152,6
BIN_1268,28.720992,77.11403,Rohini / Pitampura,waste_basket,MCD-Rohini,1000,Recyclable/Dry,68.5,4.26,19.5,19.94,77.0,7.4,0.63,0.809,0.766,0.405,7
BIN_1269,28.702003,77.158517,Keshavpuram / Shalimar,waste_basket,MCD-Keshavpuram,1000,Recyclable/Dry,35.9,3.3,15.81,20.02,90.7,19.4,0.368,0.879,0.621,0.324,8
BIN_1270,28.670139,77.232778,City / Chandni Chowk,waste_basket,MCD-CitySP,800,Organic/Wet,74.1,4.04,11.66,12.39,13.0,6.4,0.662,0.329,0.458,0.338,9
BIN_1271,28.663146,77.25417,Shahdara North,waste_disposal,MCD-ShahdaraNorth,1500,Mixed Municipal,92.8,7.39,11.51,14.2,32.4,1.0,0.911,0.464,0.452,0.505,10
BIN_1272,28.610858,77.302324,Shahdara South (Mayur Vihar),recycling,MCD-ShahdaraSouth,1000,Recyclable/Dry,34.9,3.0,10.24,21.6,86.1,21.7,0.351,0.89,0.402,0.362,11
BIN_1273,28.63893,77.211181,Central / NDMC,recycling,NDMC,1000,Recyclable/Dry,87.1,2.64,7.98,19.49,77.3,4.9,0.703,0.801,0.313,0.529,0
BIN_1274,28.514338,77.1857,South (Saket / Hauz Khas),recycling,MCD-South,1000,Recyclable/Dry,42.4,3.34,6.34,21.12,78.5,17.2,0.415,0.842,0.249,0.41,1
BIN_1275,28.557099,77.266539,South-East (Lajpat / Okhla),waste_basket,MCD-SouthEast,1000,Recyclable/Dry,72.2,3.96,5.63,20.25,87.9,7.0,0.646,0.87,0.221,0.54,2
BIN_1276,28.619413,77.057963,South-West (Dwarka),waste_basket,MCD-SouthWest,800,Organic/Wet,79.0,4.72,15.94,12.36,6.1,4.4,0.72,0.293,0.626,0.323,3
BIN_1277,28.639182,77.084751,West (Janakpuri / Rajouri),waste_basket,MCD-West,1000,Recyclable/Dry,91.9,4.95,14.61,22.87,88.8,1.6,0.819,0.931,0.574,0.574,4
BIN_1278,28.655722,77.199616,Karol Bagh / Patel Nagar,waste_basket,MCD-KarolBagh,1000,Recyclable/Dry,75.3,4.95,9.9,19.03,86.7,5.0,0.702,0.838,0.389,0.525,5
BIN_1279,28.673919,77.210641,North / Civil Lines,waste_basket,MCD-North,800,Organic/Wet,78.2,6.43,11.87,10.84,10.8,3.4,0.775,0.285,0.466,0.38,6
BIN_1280,28.718602,77.080616,Rohini / Pitampura,waste_basket,MCD-Rohini,1000,Recyclable/Dry,90.5,3.13,21.04,19.06,82.5,3.0,0.744,0.818,0.826,0.452,7
BIN_1281,28.713306,77.176625,Keshavpuram / Shalimar,waste_basket,MCD-Keshavpuram,1000,Recyclable/Dry,18.4,4.17,16.57,21.92,81.1,19.6,0.276,0.872,0.651,0.27,8
BIN_1282,28.669972,77.221568,City / Chandni Chowk,waste_disposal,MCD-CitySP,2000,Mixed Municipal,86.4,6.15,11.48,13.03,34.3,2.2,0.823,0.449,0.451,0.456,9
BIN_1283,28.703429,77.293045,Shahdara North,waste_basket,MCD-ShahdaraNorth,1000,Recyclable/Dry,82.8,2.55,17.18,19.42,87.9,6.7,0.67,0.853,0.675,0.456,10
BIN_1284,28.632281,77.272169,Shahdara South (Mayur Vihar),waste_basket,MCD-ShahdaraSouth,1000,Recyclable/Dry,63.9,2.67,9.44,20.21,76.8,13.5,0.542,0.814,0.371,0.441,11
BIN_1285,28.654285,77.209098,Central / NDMC,waste_basket,NDMC,800,Organic/Wet,42.9,3.58,9.68,11.34,9.0,15.9,0.427,0.286,0.38,0.223,0
BIN_1286,28.537833,77.175273,South (Saket / Hauz Khas),waste_disposal,MCD-South,1500,Mixed Municipal,95.5,6.54,4.71,13.04,26.1,0.7,0.9,0.408,0.185,0.535,1
BIN_1287,28.560963,77.26364,South-East (Lajpat / Okhla),waste_basket,MCD-SouthEast,1000,Recyclable/Dry,68.5,4.04,5.28,22.36,89.3,7.8,0.623,0.922,0.207,0.547,2
BIN_1288,28.581815,77.060765,South-West (Dwarka),waste_basket,MCD-SouthWest,800,Organic/Wet,29.8,4.1,14.66,10.93,5.4,17.1,0.354,0.26,0.576,0.14,3
BIN_1289,28.616141,77.054029,West (Janakpuri / Rajouri),waste_basket,MCD-West,1000,Recyclable/Dry,65.2,2.57,16.17,20.88,79.6,13.5,0.547,0.842,0.635,0.399,4
BIN_1290,28.627708,77.175978,Karol Bagh / Patel Nagar,waste_disposal,MCD-KarolBagh,2500,Mixed Municipal,30.3,4.92,7.5,13.43,25.9,14.2,0.386,0.415,0.294,0.259,5
BIN_1291,28.689753,77.186118,North / Civil Lines,waste_basket,MCD-North,800,Organic/Wet,61.4,5.61,13.83,10.92,11.7,6.9,0.629,0.291,0.543,0.293,6
BIN_1292,28.710238,77.093196,Rohini / Pitampura,waste_basket,MCD-Rohini,1000,Recyclable/Dry,29.1,3.21,19.57,21.33,81.8,22.1,0.317,0.863,0.768,0.264,7
BIN_1293,28.710479,77.131937,Keshavpuram / Shalimar,waste_basket,MCD-Keshavpuram,1000,Recyclable/Dry,16.0,2.57,17.66,19.32,77.1,32.7,0.203,0.797,0.693,0.202,8
BIN_1294,28.659871,77.237216,City / Chandni Chowk,waste_basket,MCD-CitySP,800,Organic/Wet,55.6,6.0,10.64,11.37,14.6,7.4,0.602,0.315,0.418,0.312,9
BIN_1295,28.693945,77.293221,Shahdara North,waste_basket,MCD-ShahdaraNorth,1000,Recyclable/Dry,98.0,3.82,16.27,22.96,83.0,0.5,0.821,0.904,0.639,0.554,10
BIN_1296,28.606554,77.318917,Shahdara South (Mayur Vihar),waste_basket,MCD-ShahdaraSouth,1000,Recyclable/Dry,95.3,4.13,11.5,21.63,87.0,1.1,0.813,0.895,0.452,0.585,11
BIN_1297,28.626567,77.226362,Central / NDMC,waste_basket,NDMC,800,Organic/Wet,59.7,5.32,6.79,11.45,11.9,7.6,0.606,0.303,0.267,0.341,0
BIN_1298,28.496664,77.201568,South (Saket / Hauz Khas),waste_basket,MCD-South,1000,Recyclable/Dry,41.9,3.35,7.89,21.0,77.7,17.3,0.412,0.835,0.31,0.395,1
BIN_1299,28.557372,77.262492,South-East (Lajpat / Okhla),waste_disposal,MCD-SouthEast,2500,Mixed Municipal,64.4,5.83,5.24,14.23,39.6,6.1,0.657,0.501,0.206,0.438,2
BIN_1300,28.595166,77.031777,South-West (Dwarka),waste_basket,MCD-SouthWest,800,Organic/Wet,73.4,5.86,17.68,12.42,12.2,4.5,0.721,0.325,0.694,0.319,3
BIN_1301,28.611307,77.12594,West (Janakpuri / Rajouri),waste_disposal,MCD-West,2500,Mixed Municipal,85.2,7.9,9.56,13.92,29.8,1.9,0.876,0.445,0.375,0.497,4
BIN_1302,28.667038,77.182594,Karol Bagh / Patel Nagar,waste_disposal,MCD-KarolBagh,1500,Mixed Municipal,52.2,6.02,11.42,13.6,32.6,7.9,0.579,0.452,0.448,0.335,5
BIN_1303,28.665046,77.22014,North / Civil Lines,waste_basket,MCD-North,800,Organic/Wet,27.4,5.78,10.92,12.05,10.7,12.6,0.397,0.31,0.429,0.205,6
BIN_1304,28.690878,77.12403,Rohini / Pitampura,waste_basket,MCD-Rohini,1000,Recyclable/Dry,24.7,3.27,16.11,18.56,77.2,23.0,0.289,0.781,0.633,0.252,7
BIN_1305,28.69046,77.154897,Keshavpuram / Shalimar,waste_basket,MCD-Keshavpuram,1000,Recyclable/Dry,35.5,4.9,14.72,18.82,89.7,13.2,0.422,0.849,0.578,0.35,8
BIN_1306,28.644643,77.229554,City / Chandni Chowk,waste_basket,MCD-CitySP,800,Organic/Wet,69.3,4.12,8.82,11.33,7.7,7.5,0.631,0.28,0.346,0.33,9
BIN_1307,28.665767,77.278352,Shahdara North,waste_basket,MCD-ShahdaraNorth,1000,Recyclable/Dry,80.2,2.79,12.83,21.33,89.6,7.1,0.66,0.902,0.504,0.5,10
BIN_1308,28.601459,77.30668,Shahdara South (Mayur Vihar),waste_basket,MCD-ShahdaraSouth,1000,Recyclable/Dry,68.4,2.85,10.18,20.71,91.1,11.1,0.58,0.896,0.4,0.479,11
BIN_1309,28.635897,77.204331,Central / NDMC,waste_basket,NDMC,800,Organic/Wet,81.7,4.31,7.66,12.42,14.0,4.2,0.725,0.334,0.301,0.402,0
BIN_1310,28.537364,77.157864,South (Saket / Hauz Khas),waste_basket,MCD-South,1000,Recyclable/Dry,51.8,3.2,6.08,18.58,78.7,15.1,0.476,0.789,0.239,0.427,1
BIN_1311,28.569298,77.25831,South-East (Lajpat / Okhla),waste_basket,MCD-SouthEast,1000,Recyclable/Dry,94.4,4.13,4.72,18.93,86.1,1.4,0.807,0.833,0.185,0.616,2
BIN_1312,28.606141,77.059985,South-West (Dwarka),waste_basket,MCD-SouthWest,800,Organic/Wet,82.3,4.04,15.27,11.53,7.3,4.4,0.719,0.282,0.6,0.324,3
BIN_1313,28.628268,77.066393,West (Janakpuri / Rajouri),recycling,MCD-West,1000,Recyclable/Dry,61.1,4.99,15.58,19.43,91.6,7.8,0.604,0.871,0.612,0.441,4
BIN_1314,28.643661,77.174043,Karol Bagh / Patel Nagar,waste_basket,MCD-KarolBagh,1000,Recyclable/Dry,27.7,4.93,9.2,20.05,79.8,14.7,0.369,0.826,0.361,0.36,5
BIN_1315,28.693019,77.225924,North / Civil Lines,waste_basket,MCD-North,800,Organic/Wet,72.1,5.64,14.08,10.87,11.5,4.9,0.704,0.289,0.553,0.328,6
BIN_1316,28.697452,77.100971,Rohini / Pitampura,recycling,MCD-Rohini,1000,Recyclable/Dry,52.5,4.62,17.97,23.12,82.8,10.3,0.531,0.906,0.706,0.396,7
BIN_1317,28.677206,77.156402,Keshavpuram / Shalimar,waste_basket,MCD-Keshavpuram,1000,Recyclable/Dry,79.9,3.61,13.3,21.19,75.4,5.6,0.687,0.828,0.522,0.488,8
BIN_1318,28.666688,77.256018,City / Chandni Chowk,waste_disposal,MCD-CitySP,1500,Mixed Municipal,27.6,6.81,11.94,13.98,31.1,10.6,0.434,0.453,0.469,0.259,9
BIN_1319,28.67605,77.269104,Shahdara North,recycling,MCD-ShahdaraNorth,1000,Recyclable/Dry,25.6,4.54,13.41,22.17,86.2,16.4,0.34,0.903,0.527,0.336,10
BIN_1320,28.61687,77.31956,Shahdara South (Mayur Vihar),waste_basket,MCD-ShahdaraSouth,1000,Recyclable/Dry,24.6,4.61,12.04,22.58,88.6,16.4,0.335,0.923,0.473,0.35,11
BIN_1321,28.620343,77.203129,Central / NDMC,waste_basket,NDMC,800,Organic/Wet,38.9,4.57,5.95,12.49,10.6,13.4,0.434,0.319,0.234,0.266,0
BIN_1322,28.536666,77.184809,South (Saket / Hauz Khas),waste_basket,MCD-South,1000,Recyclable/Dry,39.3,4.48,4.19,23.33,86.6,13.5,0.434,0.929,0.165,0.463,1
BIN_1323,28.56734,77.245076,South-East (Lajpat / Okhla),waste_basket,MCD-SouthEast,1000,Recyclable/Dry,29.5,3.61,3.43,19.51,91.2,19.5,0.334,0.871,0.135,0.402,2
BIN_1324,28.582531,77.030221,South-West (Dwarka),recycling,MCD-SouthWest,1000,Recyclable/Dry,39.4,4.15,17.64,19.84,80.6,14.6,0.423,0.825,0.693,0.32,3
BIN_1325,28.621767,77.078475,West (Janakpuri / Rajouri),waste_basket,MCD-West,1000,Recyclable/Dry,26.4,4.51,14.2,19.03,75.3,16.3,0.345,0.781,0.558,0.295,4
BIN_1326,28.661448,77.201884,Karol Bagh / Patel Nagar,waste_basket,MCD-KarolBagh,1000,Recyclable/Dry,64.9,4.34,10.51,20.05,77.5,8.1,0.608,0.814,0.413,0.466,5
BIN_1327,28.662765,77.192086,North / Civil Lines,waste_basket,MCD-North,800,Organic/Wet,88.0,5.97,10.77,11.49,12.5,2.0,0.827,0.307,0.423,0.421,6
BIN_1328,28.748947,77.111903,Rohini / Pitampura,waste_basket,MCD-Rohini,1000,Recyclable/Dry,42.3,3.42,22.36,20.94,77.6,16.9,0.417,0.834,0.878,0.283,7
BIN_1329,28.720242,77.128158,Keshavpuram / Shalimar,waste_disposal,MCD-Keshavpuram,2000,Mixed Municipal,16.2,4.89,18.8,15.38,39.4,17.1,0.287,0.524,0.738,0.153,8
BIN_1330,28.65076,77.206252,City / Chandni Chowk,waste_disposal,MCD-CitySP,2000,Mixed Municipal,50.7,5.54,9.3,15.0,30.2,8.9,0.551,0.47,0.365,0.344,9
BIN_1331,28.66047,77.280581,Shahdara North,waste_disposal,MCD-ShahdaraNorth,2000,Mixed Municipal,81.4,7.74,12.45,14.02,29.3,2.4,0.844,0.445,0.489,0.458,10
BIN_1332,28.646442,77.284263,Shahdara South (Mayur Vihar),waste_basket,MCD-ShahdaraSouth,1000,Recyclable/Dry,37.0,3.19,11.41,22.64,82.2,19.7,0.372,0.893,0.448,0.364,11
BIN_1333,28.593643,77.236612,Central / NDMC,waste_basket,NDMC,800,Organic/Wet,31.3,4.14,3.92,10.68,12.2,16.6,0.366,0.288,0.154,0.239,0
BIN_1334,28.503038,77.198385,South (Saket / Hauz Khas),waste_basket,MCD-South,1000,Recyclable/Dry,31.9,3.84,7.22,20.36,82.6,17.7,0.359,0.846,0.283,0.377,1
BIN_1335,28.538232,77.233339,South-East (Lajpat / Okhla),waste_basket,MCD-SouthEast,1000,Recyclable/Dry,73.7,3.9,3.95,20.99,84.4,6.7,0.654,0.869,0.155,0.557,2
BIN_1336,28.583794,77.033027,South-West (Dwarka),waste_disposal,MCD-SouthWest,2000,Mixed Municipal,20.0,5.36,17.38,13.34,32.5,14.9,0.33,0.446,0.682,0.162,3
BIN_1337,28.616742,77.078785,West (Janakpuri / Rajouri),waste_basket,MCD-West,1000,Recyclable/Dry,82.1,2.52,13.95,21.17,77.4,7.1,0.664,0.837,0.548,0.474,4
BIN_1338,28.65719,77.16952,Karol Bagh / Patel Nagar,waste_basket,MCD-KarolBagh,1000,Recyclable/Dry,33.5,2.72,10.76,21.43,80.4,24.4,0.331,0.858,0.422,0.338,5
BIN_1339,28.676896,77.199277,North / Civil Lines,waste_basket,MCD-North,800,Organic/Wet,65.3,5.06,12.24,11.03,5.1,6.9,0.636,0.26,0.481,0.3,6
BIN_1340,28.715781,77.124372,Rohini / Pitampura,waste_basket,MCD-Rohini,1000,Recyclable/Dry,41.8,4.57,18.51,21.37,90.8,12.7,0.454,0.909,0.727,0.354,7
BIN_1341,28.682786,77.145308,Keshavpuram / Shalimar,waste_basket,MCD-Keshavpuram,1000,Recyclable/Dry,75.1,2.67,14.32,22.22,83.6,9.3,0.62,0.891,0.562,0.465,8
BIN_1342,28.641328,77.246473,City / Chandni Chowk,waste_basket,MCD-CitySP,800,Organic/Wet,58.6,6.04,8.98,11.35,13.9,6.9,0.624,0.311,0.353,0.335,9
BIN_1343,28.694941,77.290519,Shahdara North,waste_basket,MCD-ShahdaraNorth,1000,Recyclable/Dry,47.2,3.05,16.23,20.07,87.8,17.3,0.438,0.866,0.637,0.352,10
BIN_1344,28.618836,77.312599,Shahdara South (Mayur Vihar),waste_basket,MCD-ShahdaraSouth,1000,Recyclable/Dry,29.6,3.21,11.55,19.57,81.1,21.9,0.321,0.822,0.453,0.316,11
BIN_1345,28.61598,77.221717,Central / NDMC,waste_basket,NDMC,800,Organic/Wet,21.6,4.67,5.54,11.27,14.8,16.8,0.317,0.314,0.218,0.209,0
BIN_1346,28.527104,77.191932,South (Saket / Hauz Khas),waste_basket,MCD-South,1000,Recyclable/Dry,57.9,2.63,4.79,20.59,82.3,16.0,0.498,0.85,0.188,0.466,1
BIN_1347,28.54982,77.26029,South-East (Lajpat / Okhla),waste_basket,MCD-SouthEast,1000,Recyclable/Dry,31.3,4.02,5.28,19.12,76.7,17.1,0.361,0.79,0.207,0.376,2
BIN_1348,28.581487,77.036302,South-West (Dwarka),recycling,MCD-SouthWest,1000,Recyclable/Dry,32.4,3.32,17.04,22.77,78.9,20.4,0.344,0.879,0.669,0.302,3
BIN_1349,28.623711,77.086278,West (Janakpuri / Rajouri),waste_basket,MCD-West,1000,Recyclable/Dry,81.7,2.91,13.62,21.12,90.3,6.3,0.675,0.901,0.535,0.501,4
BIN_1350,28.645892,77.195876,Karol Bagh / Patel Nagar,waste_basket,MCD-KarolBagh,1000,Recyclable/Dry,61.2,3.16,8.86,19.35,79.3,12.3,0.54,0.808,0.348,0.443,5
BIN_1351,28.690288,77.22059,North / Civil Lines,waste_basket,MCD-North,800,Organic/Wet,43.1,5.82,13.73,12.45,7.3,9.8,0.508,0.301,0.539,0.237,6
BIN_1352,28.730432,77.092652,Rohini / Pitampura,waste_basket,MCD-Rohini,1000,Recyclable/Dry,22.3,4.33,21.46,20.86,83.4,17.9,0.309,0.861,0.843,0.244,7
BIN_1353,28.705318,77.166465,Keshavpuram / Shalimar,waste_basket,MCD-Keshavpuram,1000,Recyclable/Dry,48.5,3.59,15.93,19.2,87.2,14.3,0.467,0.845,0.625,0.362,8
BIN_1354,28.650916,77.209941,City / Chandni Chowk,waste_basket,MCD-CitySP,800,Organic/Wet,54.9,4.27,9.31,11.45,12.6,10.6,0.536,0.307,0.366,0.287,9
BIN_1355,28.680095,77.304909,Shahdara North,waste_disposal,MCD-ShahdaraNorth,2000,Mixed Municipal,85.2,6.11,15.6,13.31,28.0,2.4,0.813,0.423,0.612,0.411,10
BIN_1356,28.632081,77.277476,Shahdara South (Mayur Vihar),waste_basket,MCD-ShahdaraSouth,1000,Recyclable/Dry,43.4,3.94,9.77,21.43,81.1,14.4,0.443,0.861,0.384,0.403,11
BIN_1357,28.623383,77.219146,Central / NDMC,waste_basket,NDMC,800,Organic/Wet,43.5,4.29,6.31,11.16,8.9,13.2,0.456,0.282,0.248,0.263,0
BIN_1358,28.548369,77.194947,South (Saket / Hauz Khas),waste_basket,MCD-South,1000,Recyclable/Dry,63.5,3.76,2.56,23.22,75.7,9.7,0.578,0.873,0.101,0.53,1
BIN_1359,28.58445,77.264178,South-East (Lajpat / Okhla),waste_basket,MCD-SouthEast,1000,Recyclable/Dry,92.4,4.33,5.63,22.88,75.3,1.8,0.8,0.863,0.221,0.615,2
BIN_1360,28.580789,77.080994,South-West (Dwarka),waste_basket,MCD-SouthWest,800,Organic/Wet,72.3,3.59,12.69,12.34,9.7,7.7,0.633,0.311,0.498,0.31,3
BIN_1361,28.61371,77.085472,West (Janakpuri / Rajouri),waste_basket,MCD-West,1000,Recyclable/Dry,57.0,4.06,13.21,18.82,84.8,10.6,0.543,0.824,0.519,0.415,4
BIN_1362,28.655895,77.195438,Karol Bagh / Patel Nagar,waste_basket,MCD-KarolBagh,1000,Recyclable/Dry,61.9,3.54,9.96,18.56,86.8,10.8,0.559,0.829,0.391,0.45,5
BIN_1363,28.661668,77.24627,North / Civil Lines,waste_disposal,MCD-North,1500,Mixed Municipal,61.5,8.17,11.09,13.56,26.5,4.7,0.72,0.421,0.435,0.399,6
BIN_1364,28.72044,77.10725,Rohini / Pitampura,waste_disposal,MCD-Rohini,2500,Mixed Municipal,17.8,6.27,19.77,13.54,33.8,13.1,0.347,0.457,0.776,0.155,7
BIN_1365,28.709529,77.150592,Keshavpuram / Shalimar,waste_basket,MCD-Keshavpuram,1000,Recyclable/Dry,23.3,3.28,16.85,22.12,86.9,23.4,0.279,0.905,0.662,0.279,8
BIN_1366,28.662135,77.220807,City / Chandni Chowk,recycling,MCD-CitySP,1000,Recyclable/Dry,41.7,2.85,10.61,20.97,75.2,20.5,0.393,0.822,0.417,0.36,9
BIN_1367,28.673131,77.286701,Shahdara North,recycling,MCD-ShahdaraNorth,1000,Recyclable/Dry,77.7,4.45,13.96,20.33,90.5,5.0,0.702,0.885,0.548,0.507,10
BIN_1368,28.636819,77.324962,Shahdara South (Mayur Vihar),waste_basket,MCD-ShahdaraSouth,1000,Recyclable/Dry,75.8,4.97,13.63,21.64,84.4,4.9,0.707,0.882,0.535,0.511,11
BIN_1369,28.635467,77.21236,Central / NDMC,waste_basket,NDMC,800,Organic/Wet,83.8,5.04,7.59,10.67,9.8,3.2,0.765,0.276,0.298,0.406,0
BIN_1370,28.555131,77.177341,South (Saket / Hauz Khas),waste_basket,MCD-South,1000,Recyclable/Dry,28.1,4.57,3.46,18.69,85.5,15.7,0.359,0.825,0.136,0.4,1
BIN_1371,28.592025,77.289415,South-East (Lajpat / Okhla),waste_basket,MCD-SouthEast,1000,Recyclable/Dry,33.9,3.48,8.23,19.12,91.7,19.0,0.361,0.865,0.323,0.375,2
BIN_1372,28.599614,77.028318,South-West (Dwarka),waste_basket,MCD-SouthWest,800,Organic/Wet,47.3,6.18,18.1,11.79,5.9,8.5,0.55,0.28,0.711,0.217,3
BIN_1373,28.623872,77.051724,West (Janakpuri / Rajouri),waste_basket,MCD-West,1000,Recyclable/Dry,86.7,3.26,16.69,22.82,90.8,4.1,0.722,0.94,0.655,0.512,4
BIN_1374,28.658312,77.163298,Karol Bagh / Patel Nagar,waste_basket,MCD-KarolBagh,1000,Recyclable/Dry,43.2,3.91,11.11,22.62,75.1,14.5,0.441,0.857,0.436,0.39,5
BIN_1375,28.698176,77.198067,North / Civil Lines,waste_disposal,MCD-North,2000,Mixed Municipal,68.0,5.27,14.61,13.85,36.8,6.1,0.663,0.479,0.574,0.36,6
BIN_1376,28.720185,77.118163,Rohini / Pitampura,waste_disposal,MCD-Rohini,1500,Mixed Municipal,20.5,6.79,19.23,14.48,36.0,11.7,0.384,0.488,0.755,0.187,7
BIN_1377,28.698143,77.144095,Keshavpuram / Shalimar,waste_basket,MCD-Keshavpuram,1000,Recyclable/Dry,42.3,3.89,15.92,18.9,82.3,14.8,0.434,0.814,0.625,0.336,8
BIN_1378,28.663729,77.254456,City / Chandni Chowk,waste_basket,MCD-CitySP,800,Organic/Wet,60.9,5.41,11.58,12.01,11.5,7.2,0.618,0.313,0.455,0.312,9
BIN_1379,28.692781,77.281383,Shahdara North,waste_disposal,MCD-ShahdaraNorth,1500,Mixed Municipal,61.4,7.22,15.61,14.15,34.6,5.3,0.686,0.474,0.613,0.362,10
BIN_1380,28.600924,77.304977,Shahdara South (Mayur Vihar),recycling,MCD-ShahdaraSouth,1000,Recyclable/Dry,18.9,3.91,10.0,22.45,81.4,20.7,0.271,0.885,0.393,0.322,11
BIN_1381,28.641377,77.214565,Central / NDMC,waste_basket,NDMC,800,Organic/Wet,24.8,3.98,8.26,11.56,9.0,18.9,0.315,0.291,0.324,0.18,0
BIN_1382,28.554975,77.197001,South (Saket / Hauz Khas),waste_disposal,MCD-South,2000,Mixed Municipal,18.2,7.75,1.86,13.19,26.6,10.6,0.402,0.414,0.073,0.31,1
BIN_1383,28.54883,77.275824,South-East (Lajpat / Okhla),waste_disposal,MCD-SouthEast,2500,Mixed Municipal,57.1,7.99,6.75,14.33,26.5,5.4,0.683,0.437,0.265,0.42,2
BIN_1384,28.584626,77.066939,South-West (Dwarka),waste_basket,MCD-SouthWest,800,Organic/Wet,61.5,4.23,14.1,10.58,7.8,9.1,0.58,0.264,0.554,0.259,3
BIN_1385,28.629969,77.078896,West (Janakpuri / Rajouri),waste_basket,MCD-West,1000,Recyclable/Dry,96.7,4.09,14.58,21.39,86.9,0.8,0.822,0.89,0.572,0.563,4
BIN_1386,28.64824,77.171177,Karol Bagh / Patel Nagar,waste_basket,MCD-KarolBagh,1000,Recyclable/Dry,57.9,3.72,9.78,20.59,86.3,11.3,0.537,0.87,0.384,0.453,5
BIN_1387,28.683951,77.222279,North / Civil Lines,recycling,MCD-North,1000,Recyclable/Dry,97.8,4.6,13.04,20.04,76.9,0.5,0.848,0.811,0.512,0.565,6
BIN_1388,28.700335,77.091186,Rohini / Pitampura,recycling,MCD-Rohini,1000,Recyclable/Dry,93.4,3.95,18.8,22.06,80.0,1.7,0.794,0.869,0.738,0.51,7
BIN_1389,28.703546,77.174841,Keshavpuram / Shalimar,waste_disposal,MCD-Keshavpuram,2500,Mixed Municipal,45.3,8.22,15.54,15.06,29.1,6.7,0.608,0.466,0.61,0.322,8
BIN_1390,28.644093,77.242247,City / Chandni Chowk,waste_basket,MCD-CitySP,800,Organic/Wet,74.6,6.01,9.11,10.71,11.6,4.2,0.735,0.286,0.358,0.382,9
BIN_1391,28.67525,77.284761,Shahdara North,recycling,MCD-ShahdaraNorth,1000,Recyclable/Dry,77.1,4.49,14.06,22.03,87.7,5.1,0.699,0.907,0.552,0.511,10
BIN_1392,28.637557,77.293082,Shahdara South (Mayur Vihar),waste_basket,MCD-ShahdaraSouth,1000,Recyclable/Dry,46.4,2.6,11.27,22.77,88.6,20.6,0.417,0.927,0.442,0.398,11
BIN_1393,28.64353,77.211263,Central / NDMC,waste_basket,NDMC,800,Organic/Wet,58.1,5.94,8.49,11.4,14.1,7.1,0.617,0.313,0.333,0.336,0
BIN_1394,28.526346,77.234548,South (Saket / Hauz Khas),waste_basket,MCD-South,1000,Recyclable/Dry,92.2,3.38,5.14,19.12,78.2,2.3,0.765,0.798,0.202,0.582,1
BIN_1395,28.563118,77.284523,South-East (Lajpat / Okhla),waste_basket,MCD-SouthEast,1000,Recyclable/Dry,34.8,4.51,7.29,19.83,87.0,14.5,0.403,0.857,0.286,0.402,2
BIN_1396,28.593887,77.03807,South-West (Dwarka),waste_basket,MCD-SouthWest,800,Organic/Wet,35.8,5.15,17.05,11.3,11.4,12.5,0.433,0.297,0.669,0.172,3
BIN_1397,28.609388,77.051724,West (Janakpuri / Rajouri),waste_disposal,MCD-West,1500,Mixed Municipal,72.2,6.84,16.15,15.23,35.8,4.1,0.748,0.503,0.634,0.398,4
BIN_1398,28.680193,77.1971,Karol Bagh / Patel Nagar,waste_basket,MCD-KarolBagh,1000,Recyclable/Dry,54.4,4.49,12.63,19.76,85.0,10.2,0.54,0.845,0.496,0.424,5
BIN_1399,28.672914,77.244017,North / Civil Lines,recycling,MCD-North,1000,Recyclable/Dry,29.1,2.58,12.21,21.17,85.1,27.5,0.295,0.876,0.479,0.314,6
BIN_1400,28.697649,77.149147,Rohini / Pitampura,waste_basket,MCD-Rohini,1000,Recyclable/Dry,30.4,4.46,15.67,18.81,89.2,15.6,0.371,0.846,0.615,0.316,7
BIN_1401,28.711404,77.16951,Keshavpuram / Shalimar,waste_basket,MCD-Keshavpuram,1000,Recyclable/Dry,41.4,3.03,16.51,20.05,86.2,19.3,0.397,0.858,0.648,0.326,8
BIN_1402,28.655697,77.20237,City / Chandni Chowk,waste_basket,MCD-CitySP,800,Organic/Wet,56.2,4.16,9.87,12.37,8.3,10.5,0.541,0.305,0.388,0.284,9
BIN_1403,28.688537,77.252481,Shahdara North,waste_basket,MCD-ShahdaraNorth,1000,Recyclable/Dry,17.5,3.6,14.11,19.16,79.5,22.9,0.25,0.805,0.554,0.256,10
BIN_1404,28.621593,77.324308,Shahdara South (Mayur Vihar),waste_basket,MCD-ShahdaraSouth,1000,Recyclable/Dry,15.7,4.84,12.69,21.23,85.0,17.4,0.281,0.877,0.498,0.304,11
BIN_1405,28.622968,77.199072,Central / NDMC,waste_basket,NDMC,800,Organic/Wet,40.8,4.18,6.29,11.42,14.9,14.2,0.434,0.317,0.247,0.263,0
BIN_1406,28.562271,77.181462,South (Saket / Hauz Khas),waste_disposal,MCD-South,1500,Mixed Municipal,94.7,7.46,2.84,15.09,26.4,0.7,0.927,0.453,0.112,0.577,1
BIN_1407,28.578488,77.292756,South-East (Lajpat / Okhla),recycling,MCD-SouthEast,1000,Recyclable/Dry,92.4,3.69,8.18,20.71,85.2,2.1,0.777,0.867,0.321,0.585,2
BIN_1408,28.592132,77.031374,South-West (Dwarka),waste_basket,MCD-SouthWest,800,Organic/Wet,93.2,6.23,17.66,12.08,10.8,1.1,0.873,0.311,0.693,0.391,3
BIN_1409,28.627493,77.074581,West (Janakpuri / Rajouri),waste_basket,MCD-West,1000,Recyclable/Dry,85.3,4.78,14.82,20.15,84.1,3.1,0.766,0.849,0.582,0.522,4
BIN_1410,28.664494,77.234371,Karol Bagh / Patel Nagar,waste_basket,MCD-KarolBagh,1000,Recyclable/Dry,88.9,3.51,11.08,23.0,90.8,3.2,0.747,0.943,0.435,0.569,5
BIN_1411,28.702946,77.21003,North / Civil Lines,waste_basket,MCD-North,800,Organic/Wet,76.0,4.86,15.09,10.75,14.3,4.9,0.704,0.3,0.592,0.324,6
BIN_1412,28.713185,77.115397,Rohini / Pitampura,waste_basket,MCD-Rohini,1000,Recyclable/Dry,72.7,3.34,18.67,20.98,86.7,8.2,0.627,0.88,0.733,0.431,7
BIN_1413,28.710728,77.179851,Keshavpuram / Shalimar,waste_basket,MCD-Keshavpuram,1000,Recyclable/Dry,31.5,3.63,16.23,23.07,83.3,18.9,0.349,0.907,0.637,0.319,8
BIN_1414,28.648263,77.229121,City / Chandni Chowk,waste_basket,MCD-CitySP,800,Organic/Wet,42.2,5.81,9.21,11.0,8.0,9.9,0.501,0.274,0.362,0.26,9
BIN_1415,28.674485,77.274931,Shahdara North,waste_disposal,MCD-ShahdaraNorth,2000,Mixed Municipal,42.5,6.24,13.51,13.64,36.6,9.2,0.519,0.473,0.53,0.295,10
BIN_1416,28.620853,77.288751,Shahdara South (Mayur Vihar),waste_disposal,MCD-ShahdaraSouth,1500,Mixed Municipal,71.2,5.38,9.73,15.39,29.8,5.4,0.689,0.476,0.382,0.411,11
BIN_1417,28.617304,77.219571,Central / NDMC,waste_basket,NDMC,800,Organic/Wet,38.1,5.43,5.65,12.12,14.8,11.4,0.459,0.332,0.222,0.285,0
BIN_1418,28.544032,77.207569,South (Saket / Hauz Khas),waste_disposal,MCD-South,2000,Mixed Municipal,53.8,6.94,2.59,15.1,34.7,6.7,0.622,0.495,0.102,0.439,1
BIN_1419,28.586046,77.269433,South-East (Lajpat / Okhla),recycling,MCD-SouthEast,1000,Recyclable/Dry,70.5,3.61,6.17,20.84,84.8,8.2,0.621,0.867,0.242,0.522,2
BIN_1420,28.591066,77.046334,South-West (Dwarka),waste_basket,MCD-SouthWest,800,Organic/Wet,36.5,5.87,16.2,10.68,5.3,10.8,0.463,0.254,0.636,0.181,3
BIN_1421,28.622012,77.083028,West (Janakpuri / Rajouri),waste_basket,MCD-West,1000,Recyclable/Dry,48.0,4.7,13.81,22.33,83.4,11.1,0.502,0.892,0.542,0.41,4
BIN_1422,28.638715,77.167597,Karol Bagh / Patel Nagar,waste_basket,MCD-KarolBagh,1000,Recyclable/Dry,55.9,4.01,8.97,21.28,90.4,11.0,0.533,0.905,0.352,0.468,5
BIN_1423,28.662137,77.209378,North / Civil Lines,waste_basket,MCD-North,800,Organic/Wet,21.2,4.89,10.56,11.5,14.9,16.1,0.322,0.319,0.415,0.174,6
BIN_1424,28.69692,77.088603,Rohini / Pitampura,waste_disposal,MCD-Rohini,2500,Mixed Municipal,67.5,5.35,18.67,14.79,30.8,6.1,0.662,0.469,0.733,0.325,7
BIN_1425,28.724323,77.152999,Keshavpuram / Shalimar,waste_basket,MCD-Keshavpuram,1000,Recyclable/Dry,97.9,2.65,18.34,22.72,87.9,0.8,0.779,0.923,0.72,0.522,8
BIN_1426,28.659187,77.237447,City / Chandni Chowk,waste_basket,MCD-CitySP,800,Organic/Wet,87.7,4.54,10.57,12.21,6.1,2.7,0.775,0.29,0.415,0.391,9
BIN_1427,28.692375,77.292419,Shahdara North,waste_basket,MCD-ShahdaraNorth,1000,Recyclable/Dry,83.9,3.8,16.08,22.77,86.7,4.2,0.722,0.918,0.631,0.51,10
BIN_1428,28.593083,77.294388,Shahdara South (Mayur Vihar),waste_basket,MCD-ShahdaraSouth,1000,Recyclable/Dry,80.7,4.51,8.73,21.03,84.0,4.3,0.725,0.867,0.343,0.554,11
BIN_1429,28.650009,77.213841,Central / NDMC,waste_basket,NDMC,800,Organic/Wet,35.5,3.73,9.22,10.6,13.7,17.3,0.381,0.294,0.362,0.206,0
BIN_1430,28.512817,77.236581,South (Saket / Hauz Khas),waste_disposal,MCD-South,2500,Mixed Municipal,46.2,6.81,6.58,13.03,29.5,7.9,0.565,0.425,0.258,0.358,1
BIN_1431,28.583483,77.261754,South-East (Lajpat / Okhla),waste_disposal,MCD-SouthEast,2500,Mixed Municipal,63.1,4.78,5.37,14.66,30.1,7.7,0.611,0.462,0.211,0.402,2
BIN_1432,28.584624,77.050857,South-West (Dwarka),waste_basket,MCD-SouthWest,800,Organic/Wet,25.7,5.12,15.66,11.07,12.6,14.5,0.361,0.299,0.615,0.147,3
BIN_1433,28.593663,77.097399,West (Janakpuri / Rajouri),waste_basket,MCD-West,1000,Recyclable/Dry,16.0,3.28,11.38,22.71,75.2,25.6,0.228,0.859,0.447,0.282,4
BIN_1434,28.647126,77.180489,Karol Bagh / Patel Nagar,waste_basket,MCD-KarolBagh,1000,Recyclable/Dry,19.4,4.25,9.34,21.48,76.5,19.0,0.286,0.84,0.367,0.322,5
BIN_1435,28.679064,77.216354,North / Civil Lines,waste_disposal,MCD-North,1500,Mixed Municipal,57.9,6.61,12.45,14.5,29.0,6.4,0.639,0.454,0.489,0.358,6
BIN_1436,28.715768,77.129988,Rohini / Pitampura,waste_basket,MCD-Rohini,1000,Recyclable/Dry,38.7,4.44,18.27,20.51,91.1,13.8,0.428,0.892,0.717,0.338,7
BIN_1437,28.691158,77.182031,Keshavpuram / Shalimar,waste_disposal,MCD-Keshavpuram,2000,Mixed Municipal,98.0,7.15,14.05,15.31,30.3,0.3,0.939,0.477,0.552,0.502,8
BIN_1438,28.658262,77.201668,City / Chandni Chowk,waste_basket,MCD-CitySP,800,Organic/Wet,47.0,4.87,10.16,10.83,6.5,10.9,0.501,0.263,0.399,0.25,9
BIN_1439,28.679091,77.28737,Shahdara North,recycling,MCD-ShahdaraNorth,1000,Recyclable/Dry,26.2,3.91,14.55,18.57,85.2,18.9,0.322,0.821,0.571,0.293,10
BIN_1440,28.618582,77.292182,Shahdara South (Mayur Vihar),waste_disposal,MCD-ShahdaraSouth,2000,Mixed Municipal,36.3,7.94,9.85,13.37,27.8,8.0,0.535,0.423,0.387,0.317,11
BIN_1441,28.643122,77.200993,Central / NDMC,waste_basket,NDMC,800,Organic/Wet,76.1,3.56,8.49,11.18,11.8,6.7,0.659,0.297,0.333,0.352,0
BIN_1442,28.544883,77.205581,South (Saket / Hauz Khas),recycling,MCD-South,1000,Recyclable/Dry,44.9,3.78,2.52,23.13,90.5,14.6,0.448,0.945,0.099,0.488,1
BIN_1443,28.596479,77.253641,South-East (Lajpat / Okhla),waste_disposal,MCD-SouthEast,2500,Mixed Municipal,47.9,7.08,5.36,13.79,33.9,7.4,0.586,0.463,0.21,0.39,2
BIN_1444,28.589042,77.033743,South-West (Dwarka),waste_basket,MCD-SouthWest,800,Organic/Wet,77.5,3.52,17.38,11.84,6.6,6.4,0.667,0.285,0.682,0.283,3
BIN_1445,28.663757,77.087369,West (Janakpuri / Rajouri),waste_basket,MCD-West,1000,Recyclable/Dry,62.5,4.58,16.08,22.05,77.9,8.2,0.6,0.859,0.631,0.431,4
BIN_1446,28.630943,77.197796,Karol Bagh / Patel Nagar,waste_basket,MCD-KarolBagh,1000,Recyclable/Dry,93.9,2.74,7.19,20.82,85.5,2.2,0.754,0.87,0.282,0.582,5
BIN_1447,28.681932,77.229453,North / Civil Lines,recycling,MCD-North,1000,Recyclable/Dry,63.8,2.6,12.9,19.4,75.4,13.9,0.539,0.79,0.506,0.405,6
BIN_1448,28.707917,77.101536,Rohini / Pitampura,waste_disposal,MCD-Rohini,1500,Mixed Municipal,58.9,7.38,18.89,13.47,32.0,5.6,0.674,0.447,0.742,0.322,7
BIN_1449,28.670259,77.143817,Keshavpuram / Shalimar,waste_basket,MCD-Keshavpuram,1000,Recyclable/Dry,53.2,2.69,13.16,23.2,86.4,17.4,0.468,0.926,0.517,0.408,8
BIN_1450,28.665839,77.223039,City / Chandni Chowk,waste_basket,MCD-CitySP,800,Organic/Wet,17.8,5.82,11.04,11.38,11.3,14.1,0.331,0.299,0.433,0.168,9
BIN_1451,28.66565,77.290891,Shahdara North,waste_basket,MCD-ShahdaraNorth,1000,Recyclable/Dry,23.9,3.34,13.5,20.24,83.0,22.8,0.286,0.846,0.53,0.29,10
BIN_1452,28.621848,77.299881,Shahdara South (Mayur Vihar),waste_basket,MCD-ShahdaraSouth,1000,Recyclable/Dry,68.6,4.09,10.67,23.23,87.5,7.7,0.625,0.932,0.419,0.508,11
BIN_1453,28.657833,77.207338,Central / NDMC,waste_basket,NDMC,800,Organic/Wet,59.3,5.57,10.08,12.17,5.7,7.3,0.612,0.287,0.396,0.313,0
BIN_1454,28.501516,77.185825,South (Saket / Hauz Khas),waste_basket,MCD-South,1000,Recyclable/Dry,48.4,4.56,7.68,22.95,83.4,11.3,0.5,0.905,0.302,0.461,1
BIN_1455,28.565596,77.250547,South-East (Lajpat / Okhla),waste_basket,MCD-SouthEast,1000,Recyclable/Dry,33.4,2.63,3.96,22.09,87.6,25.3,0.327,0.908,0.155,0.405,2
BIN_1456,28.597545,77.015021,South-West (Dwarka),waste_basket,MCD-SouthWest,800,Organic/Wet,30.0,5.91,19.34,10.77,14.4,11.8,0.419,0.301,0.759,0.148,3
BIN_1457,28.60368,77.066194,West (Janakpuri / Rajouri),waste_disposal,MCD-West,2000,Mixed Municipal,73.8,7.41,14.62,14.11,28.4,3.5,0.779,0.442,0.574,0.407,4
BIN_1458,28.673584,77.192549,Karol Bagh / Patel Nagar,waste_basket,MCD-KarolBagh,1000,Recyclable/Dry,16.9,4.57,11.95,20.95,81.1,18.2,0.28,0.851,0.469,0.302,5
BIN_1459,28.672142,77.214509,North / Civil Lines,waste_disposal,MCD-North,1500,Mixed Municipal,96.6,4.92,11.68,13.62,38.6,0.7,0.85,0.483,0.459,0.478,6
BIN_1460,28.72072,77.13034,Rohini / Pitampura,recycling,MCD-Rohini,1000,Recyclable/Dry,20.9,3.61,18.76,22.11,78.2,21.9,0.274,0.861,0.737,0.248,7
BIN_1461,28.716304,77.149105,Keshavpuram / Shalimar,waste_basket,MCD-Keshavpuram,1000,Recyclable/Dry,18.9,4.68,17.61,20.15,85.1,17.3,0.298,0.854,0.691,0.267,8
BIN_1462,28.634327,77.223756,City / Chandni Chowk,waste_basket,MCD-CitySP,800,Organic/Wet,31.5,4.36,7.58,10.71,11.6,15.7,0.375,0.286,0.298,0.214,9
BIN_1463,28.678769,77.283321,Shahdara North,waste_basket,MCD-ShahdaraNorth,1000,Recyclable/Dry,46.2,2.83,14.32,21.01,80.5,19.0,0.424,0.85,0.562,0.354,10
BIN_1464,28.629161,77.31265,Shahdara South (Mayur Vihar),waste_basket,MCD-ShahdaraSouth,1000,Recyclable/Dry,28.4,3.22,12.16,21.45,78.4,22.2,0.313,0.848,0.477,0.315,11
BIN_1465,28.616853,77.193327,Central / NDMC,waste_basket,NDMC,800,Organic/Wet,68.3,4.09,5.76,11.63,14.4,7.8,0.623,0.319,0.226,0.362,0
BIN_1466,28.5281,77.229985,South (Saket / Hauz Khas),waste_basket,MCD-South,1000,Recyclable/Dry,76.8,3.26,4.77,19.81,75.7,7.1,0.653,0.8,0.187,0.529,1
BIN_1467,28.58218,77.272678,South-East (Lajpat / Okhla),waste_basket,MCD-SouthEast,1000,Recyclable/Dry,48.0,2.9,6.34,21.99,81.6,17.9,0.439,0.876,0.249,0.432,2
BIN_1468,28.601156,77.047939,South-West (Dwarka),waste_basket,MCD-SouthWest,800,Organic/Wet,17.0,5.02,16.27,11.51,8.3,16.5,0.297,0.286,0.639,0.107,3
BIN_1469,28.64388,77.076454,West (Janakpuri / Rajouri),waste_basket,MCD-West,1000,Recyclable/Dry,46.8,3.25,15.58,20.75,79.9,16.4,0.443,0.841,0.612,0.351,4
BIN_1470,28.620607,77.169445,Karol Bagh / Patel Nagar,waste_disposal,MCD-KarolBagh,1500,Mixed Municipal,24.5,6.59,7.14,13.52,38.5,11.5,0.405,0.48,0.28,0.29,5
BIN_1471,28.661721,77.214715,North / Civil Lines,waste_basket,MCD-North,800,Organic/Wet,56.7,6.23,10.52,11.51,11.7,7.0,0.618,0.303,0.413,0.317,6
BIN_1472,28.714399,77.13599,Rohini / Pitampura,waste_basket,MCD-Rohini,1000,Recyclable/Dry,27.2,3.55,17.89,19.59,86.0,20.5,0.316,0.847,0.702,0.272,7
BIN_1473,28.68903,77.160709,Keshavpuram / Shalimar,waste_disposal,MCD-Keshavpuram,2500,Mixed Municipal,53.4,7.58,14.38,13.42,35.8,6.1,0.642,0.465,0.565,0.348,8
BIN_1474,28.665515,77.246541,City / Chandni Chowk,waste_basket,MCD-CitySP,800,Organic/Wet,30.5,4.11,11.5,12.43,13.2,16.9,0.359,0.33,0.452,0.188,9
BIN_1475,28.681368,77.313949,Shahdara North,waste_disposal,MCD-ShahdaraNorth,2000,Mixed Municipal,66.6,6.54,16.25,14.07,35.9,5.1,0.698,0.479,0.638,0.365,10
BIN_1476,28.633465,77.290878,Shahdara South (Mayur Vihar),waste_basket,MCD-ShahdaraSouth,1000,Recyclable/Dry,69.7,4.58,10.8,20.79,83.8,6.6,0.65,0.861,0.424,0.499,11
BIN_1477,28.648829,77.185321,Central / NDMC,waste_basket,NDMC,800,Organic/Wet,43.3,5.44,9.39,12.36,13.4,10.4,0.496,0.33,0.369,0.273,0
BIN_1478,28.530161,77.232297,South (Saket / Hauz Khas),recycling,MCD-South,1000,Recyclable/Dry,68.1,2.67,4.66,19.74,76.4,11.9,0.571,0.802,0.183,0.49,1
BIN_1479,28.580946,77.282848,South-East (Lajpat / Okhla),waste_disposal,MCD-SouthEast,2500,Mixed Municipal,96.8,7.54,7.28,13.54,34.5,0.4,0.945,0.461,0.286,0.553,2
BIN_1480,28.600341,77.034119,South-West (Dwarka),waste_basket,MCD-SouthWest,800,Organic/Wet,53.6,5.88,17.56,10.85,9.2,7.9,0.583,0.277,0.689,0.237,3
BIN_1481,28.632179,77.086625,West (Janakpuri / Rajouri),waste_basket,MCD-West,1000,Recyclable/Dry,72.7,3.48,14.05,21.58,81.2,7.8,0.632,0.865,0.552,0.465,4
BIN_1482,28.652433,77.203519,Karol Bagh / Patel Nagar,waste_disposal,MCD-KarolBagh,1500,Mixed Municipal,36.0,4.58,9.5,13.53,32.5,14.0,0.414,0.45,0.373,0.268,5
BIN_1483,28.67623,77.222923,North / Civil Lines,waste_basket,MCD-North,800,Organic/Wet,68.6,6.28,12.19,11.53,10.7,5.0,0.703,0.299,0.479,0.345,6
BIN_1484,28.725041,77.11327,Rohini / Pitampura,waste_disposal,MCD-Rohini,2000,Mixed Municipal,50.6,5.72,19.93,15.43,32.0,8.6,0.557,0.488,0.782,0.268,7
BIN_1485,28.678529,77.145542,Keshavpuram / Shalimar,waste_basket,MCD-Keshavpuram,1000,Recyclable/Dry,17.7,4.15,13.89,18.58,79.4,19.8,0.271,0.792,0.545,0.264,8
BIN_1486,28.647021,77.221636,City / Chandni Chowk,waste_disposal,MCD-CitySP,2500,Mixed Municipal,44.3,5.96,8.95,14.49,31.9,9.3,0.521,0.468,0.351,0.331,9
BIN_1487,28.704113,77.297039,Shahdara North,waste_basket,MCD-ShahdaraNorth,1000,Recyclable/Dry,54.5,4.48,17.43,19.49,83.4,10.2,0.54,0.832,0.684,0.383,10
BIN_1488,28.635785,77.304342,Shahdara South (Mayur Vihar),waste_basket,MCD-ShahdaraSouth,1000,Recyclable/Dry,97.6,2.91,11.96,20.55,90.2,0.8,0.786,0.888,0.47,0.566,11
BIN_1489,28.624543,77.214495,Central / NDMC,waste_disposal,NDMC,2500,Mixed Municipal,71.5,7.79,6.39,14.97,31.1,3.7,0.776,0.474,0.251,0.48,0
BIN_1490,28.533086,77.216189,South (Saket / Hauz Khas),waste_basket,MCD-South,1000,Recyclable/Dry,90.0,2.61,3.84,21.61,75.1,3.8,0.722,0.835,0.151,0.582,1
BIN_1491,28.593409,77.263605,South-East (Lajpat / Okhla),waste_disposal,MCD-SouthEast,2500,Mixed Municipal,42.6,6.74,5.99,14.2,26.2,8.5,0.537,0.433,0.235,0.351,2
BIN_1492,28.595006,77.042552,South-West (Dwarka),waste_basket,MCD-SouthWest,800,Organic/Wet,15.4,5.58,16.64,12.37,13.1,15.2,0.305,0.329,0.653,0.121,3
BIN_1493,28.609593,77.080643,West (Janakpuri / Rajouri),waste_disposal,MCD-West,2500,Mixed Municipal,32.4,5.55,13.48,13.72,32.8,12.2,0.423,0.456,0.529,0.243,4
BIN_1494,28.63946,77.194154,Karol Bagh / Patel Nagar,waste_basket,MCD-KarolBagh,1000,Recyclable/Dry,50.1,3.89,8.18,20.36,87.3,12.8,0.488,0.87,0.321,0.441,5
BIN_1495,28.651805,77.240055,North / Civil Lines,recycling,MCD-North,1000,Recyclable/Dry,81.7,4.73,9.85,18.77,86.4,3.9,0.739,0.831,0.387,0.542,6
BIN_1496,28.705716,77.099665,Rohini / Pitampura,waste_basket,MCD-Rohini,1000,Recyclable/Dry,75.6,4.3,18.79,18.92,88.8,5.7,0.682,0.847,0.738,0.447,7
BIN_1497,28.698996,77.151316,Keshavpuram / Shalimar,waste_basket,MCD-Keshavpuram,1000,Recyclable/Dry,46.0,2.56,15.73,22.65,75.7,21.1,0.413,0.86,0.618,0.341,8
BIN_1498,28.653467,77.209605,City / Chandni Chowk,waste_disposal,MCD-CitySP,2000,Mixed Municipal,63.1,7.02,9.59,15.41,38.7,5.3,0.69,0.521,0.377,0.426,9
BIN_1499,28.683024,77.283755,Shahdara North,waste_basket,MCD-ShahdaraNorth,1000,Recyclable/Dry,36.9,2.87,14.75,22.27,83.0,22.0,0.36,0.889,0.579,0.331,10
BIN_1500,28.610475,77.3096,Shahdara South (Mayur Vihar),waste_disposal,MCD-ShahdaraSouth,1500,Mixed Municipal,59.1,6.96,10.85,15.17,34.1,5.9,0.66,0.493,0.426,0.393,11
